2026-02-03 18:52:39,381 [main] INFO  c.d.canton.CantonCommunityApp$ - Starting Canton version 3.5.0-SNAPSHOT
2026-02-03 18:52:39,693 [main] INFO  c.d.canton.CantonCommunityApp$ - Starting up with resolved config
mediators {
    mediator1 {
        admin-api {
            address="0.0.0.0"
            port=5020
        }
        storage {
            type=memory
        }
    }
}
participants {
    participant1 {
        admin-api {
            address="0.0.0.0"
            port=5011
        }
        http-ledger-api {
            address="0.0.0.0"
            port=5013
        }
        ledger-api {
            address="0.0.0.0"
            port=5012
        }
        storage {
            type=memory
        }
    }
}
sequencers {
    sequencer1 {
        admin-api {
            address="0.0.0.0"
            port=5019
        }
        public-api {
            address="0.0.0.0"
            port=5018
        }
        storage {
            type=memory
        }
    }
}

2026-02-03 18:52:39,728 [main] INFO  c.d.canton.environment.Environment - Deriving 12 as number of threads from 'sys.runtime.availableProcessors()'. Please use '-Dscala.concurrent.context.numThreads' to override.
2026-02-03 18:52:39,816 [canton-env-ec-37] INFO  o.a.pekko.event.slf4j.Slf4jLogger - Slf4jLogger started
2026-02-03 18:52:39,864 [main] INFO  c.d.canton.environment.Environment tid:06aa43e0e244650a3359c06b21069fd5 - Automatically starting all instances
2026-02-03 18:52:39,876 [main] INFO  c.d.c.environment.SequencerNodes tid:06aa43e0e244650a3359c06b21069fd5 - Starting node sequencer1
2026-02-03 18:52:39,883 [canton-env-ec-37] INFO  c.d.c.t.OpenTelemetryFactory$ - Initializing open telemetry with trace-exporter=Disabled, metrics-enabled=false
2026-02-03 18:52:39,935 [canton-env-ec-38] INFO  c.d.c.s.s.SequencerNodeBootstrap:sequencer=sequencer1 - 'sequencer' is now in state ServingStatus(status = 'SERVING'). Previous state was ServingStatus(status = 'NOT_SERVING').
2026-02-03 18:52:40,129 [canton-env-ec-38] INFO  c.d.c.c.Crypto:sequencer=sequencer1 - 'crypto' is now in state Ok(). Previous state was Not Initialized.
2026-02-03 18:52:40,135 [canton-env-ec-38] INFO  c.d.c.e.CantonNodeBootstrapImpl$SetupAdminApi:sequencer=sequencer1 - Starting admin-api services on AdminServerConfig(0.0.0.0,Some(5019),None,None,Some(BasicKeepAliveServerConfig(40s,20s,20s,false)),10485760,List(),AdminTokenConfig(None,5m,false,false),5m,JwksCacheConfig(1000,5m,10s,10s),None)
2026-02-03 18:52:40,351 [canton-env-ec-37] INFO  c.d.c.e.CantonNodeBootstrapImpl$SetupNodeId:sequencer=sequencer1 - Auto-initialized with uid=sequencer1::1220bb98b567...
2026-02-03 18:52:40,428 [canton-env-ec-37] INFO  c.d.c.t.AuthorizedTopologyManager:sequencer=sequencer1 - Attempting to build, sign, and Replace NamespaceDelegation(
  namespace = 1220bb98b567...,
  target = SigningPublicKey(id = 1220bb98b567..., format = DER-encoded X.509 SubjectPublicKeyInfo, keySpec = EC-Curve25519, usage = namespace),
  restriction = none
) with serial None() signed by 1220bb98b567...
2026-02-03 18:52:40,499 [canton-env-ec-45] INFO  c.d.c.t.TopologyStateProcessor:sequencer=sequencer1/store=Authorized - Storing topology transaction 1/1 TxHash(SHA-256:5559876bdbd1...) with ts=EffectiveTime(2026-02-03T18:52:40.473598Z), signedBy=Set(1220bb98b567...)
2026-02-03 18:52:40,501 [canton-env-ec-37] INFO  c.d.c.t.TopologyStateProcessor:sequencer=sequencer1/store=Authorized - Persisted topology transactions (SequencedTime(2026-02-03T18:52:40.473598Z), EffectiveTime(2026-02-03T18:52:40.473598Z)):
ValidatedTopologyTransaction(
  SignedTopologyTransaction(
    TopologyTransaction(
      NamespaceDelegation(
        namespace = 1220bb98b567...,
        target = SigningPublicKey(id = 1220bb98b567..., format = DER-encoded X.509 SubjectPublicKeyInfo, keySpec = EC-Curve25519, usage = namespace),
        restriction = none
      ),
      serial = 1,
      operation = Replace,
      hash = SHA-256:5559876bdbd1...
    ),
    signatures = 1220bb98b567...
  )
)
2026-02-03 18:52:40,511 [canton-env-ec-46] INFO  c.d.c.t.AuthorizedTopologyManager:sequencer=sequencer1 - Attempting to build, sign, and Replace OwnerToKeyMapping(member = SEQ::sequencer1::1220bb98b567..., signingKeys = Seq(12204802b2f0..., 122064b2b120...)) with serial None() signed by 1220bb98b567..., 122064b2b120..., 12204802b2f0...
2026-02-03 18:52:40,530 [canton-env-ec-51] INFO  c.d.c.t.TopologyStateProcessor:sequencer=sequencer1/store=Authorized - Storing topology transaction 1/1 TxHash(SHA-256:41b086cab019...) with ts=EffectiveTime(2026-02-03T18:52:40.519353Z), signedBy=Set(1220bb98b567..., 122064b2b120..., 12204802b2f0...)
2026-02-03 18:52:40,532 [canton-env-ec-41] INFO  c.d.c.t.TopologyStateProcessor:sequencer=sequencer1/store=Authorized - Persisted topology transactions (SequencedTime(2026-02-03T18:52:40.519353Z), EffectiveTime(2026-02-03T18:52:40.519353Z)):
ValidatedTopologyTransaction(
  SignedTopologyTransaction(
    TopologyTransaction(
      OwnerToKeyMapping(member = SEQ::sequencer1::1220bb98b567..., signingKeys = Seq(12204802b2f0..., 122064b2b120...)),
      serial = 1,
      operation = Replace,
      hash = SHA-256:41b086cab019...
    ),
    signatures = Seq(12204802b2f0..., 122064b2b120..., 1220bb98b567...)
  )
)
2026-02-03 18:52:40,548 [canton-env-ec-39] INFO  c.d.c.s.s.SequencerNodeBootstrap$WaitForSequencerToSynchronizerInit:sequencer=sequencer1 - Startup succeeded up to stage wait-for-sequencer-to-synchronizer-init, waiting for external input
2026-02-03 18:52:40,549 [canton-env-ec-48] INFO  c.d.c.environment.MediatorNodes tid:06aa43e0e244650a3359c06b21069fd5 - Starting node mediator1
2026-02-03 18:52:40,563 [canton-env-ec-48] INFO  c.d.c.s.m.MediatorNodeBootstrapFactoryImpl$$anon$1:mediator=mediator1 - 'mediator' is now in state ServingStatus(status = 'SERVING'). Previous state was ServingStatus(status = 'NOT_SERVING').
2026-02-03 18:52:40,566 [canton-env-ec-51] INFO  c.d.c.c.Crypto:mediator=mediator1 - 'crypto' is now in state Ok(). Previous state was Not Initialized.
2026-02-03 18:52:40,567 [canton-env-ec-51] INFO  c.d.c.e.CantonNodeBootstrapImpl$SetupAdminApi:mediator=mediator1 - Starting admin-api services on AdminServerConfig(0.0.0.0,Some(5020),None,None,Some(BasicKeepAliveServerConfig(40s,20s,20s,false)),10485760,List(),AdminTokenConfig(None,5m,false,false),5m,JwksCacheConfig(1000,5m,10s,10s),None)
2026-02-03 18:52:40,573 [canton-env-ec-49] INFO  c.d.c.e.CantonNodeBootstrapImpl$SetupNodeId:mediator=mediator1 - Auto-initialized with uid=mediator1::12205e06b9ef...
2026-02-03 18:52:40,580 [canton-env-ec-48] INFO  c.d.c.t.AuthorizedTopologyManager:mediator=mediator1 - Attempting to build, sign, and Replace NamespaceDelegation(
  namespace = 12205e06b9ef...,
  target = SigningPublicKey(id = 12205e06b9ef..., format = DER-encoded X.509 SubjectPublicKeyInfo, keySpec = EC-Curve25519, usage = namespace),
  restriction = none
) with serial None() signed by 12205e06b9ef...
2026-02-03 18:52:40,585 [canton-env-ec-39] INFO  c.d.c.t.TopologyStateProcessor:mediator=mediator1/store=Authorized - Storing topology transaction 1/1 TxHash(SHA-256:ecfb0151ed3d...) with ts=EffectiveTime(2026-02-03T18:52:40.582683Z), signedBy=Set(12205e06b9ef...)
2026-02-03 18:52:40,587 [canton-env-ec-41] INFO  c.d.c.t.TopologyStateProcessor:mediator=mediator1/store=Authorized - Persisted topology transactions (SequencedTime(2026-02-03T18:52:40.582683Z), EffectiveTime(2026-02-03T18:52:40.582683Z)):
ValidatedTopologyTransaction(
  SignedTopologyTransaction(
    TopologyTransaction(
      NamespaceDelegation(
        namespace = 12205e06b9ef...,
        target = SigningPublicKey(id = 12205e06b9ef..., format = DER-encoded X.509 SubjectPublicKeyInfo, keySpec = EC-Curve25519, usage = namespace),
        restriction = none
      ),
      serial = 1,
      operation = Replace,
      hash = SHA-256:ecfb0151ed3d...
    ),
    signatures = 12205e06b9ef...
  )
)
2026-02-03 18:52:40,591 [canton-env-ec-37] INFO  c.d.c.t.AuthorizedTopologyManager:mediator=mediator1 - Attempting to build, sign, and Replace OwnerToKeyMapping(member = MED::mediator1::12205e06b9ef..., signingKeys = Seq(122049d94dbd..., 12204a5843b8...)) with serial None() signed by 12205e06b9ef..., 122049d94dbd..., 12204a5843b8...
2026-02-03 18:52:40,598 [canton-env-ec-41] INFO  c.d.c.t.TopologyStateProcessor:mediator=mediator1/store=Authorized - Storing topology transaction 1/1 TxHash(SHA-256:69ec080d99d5...) with ts=EffectiveTime(2026-02-03T18:52:40.594687Z), signedBy=Set(12205e06b9ef..., 122049d94dbd..., 12204a5843b8...)
2026-02-03 18:52:40,599 [canton-env-ec-41] INFO  c.d.c.t.TopologyStateProcessor:mediator=mediator1/store=Authorized - Persisted topology transactions (SequencedTime(2026-02-03T18:52:40.594687Z), EffectiveTime(2026-02-03T18:52:40.594687Z)):
ValidatedTopologyTransaction(
  SignedTopologyTransaction(
    TopologyTransaction(
      OwnerToKeyMapping(member = MED::mediator1::12205e06b9ef..., signingKeys = Seq(122049d94dbd..., 12204a5843b8...)),
      serial = 1,
      operation = Replace,
      hash = SHA-256:69ec080d99d5...
    ),
    signatures = Seq(122049d94dbd..., 12204a5843b8..., 12205e06b9ef...)
  )
)
2026-02-03 18:52:40,604 [canton-env-ec-46] INFO  c.d.c.s.m.MediatorNodeBootstrap$WaitForMediatorToSynchronizerInit:mediator=mediator1 - Startup succeeded up to stage wait-for-mediator-to-synchronizer-init, waiting for external input
2026-02-03 18:52:40,605 [canton-env-ec-45] INFO  c.d.c.environment.ParticipantNodes tid:06aa43e0e244650a3359c06b21069fd5 - Starting node participant1
2026-02-03 18:52:40,976 [canton-env-ec-45] INFO  c.d.c.p.ParticipantNodeBootstrapFactoryImpl$$anon$1:participant=participant1 - 'participant' is now in state ServingStatus(status = 'SERVING'). Previous state was ServingStatus(status = 'NOT_SERVING').
2026-02-03 18:52:40,978 [canton-env-ec-46] INFO  c.d.c.c.Crypto:participant=participant1 - 'crypto' is now in state Ok(). Previous state was Not Initialized.
2026-02-03 18:52:40,979 [canton-env-ec-45] INFO  c.d.c.e.CantonNodeBootstrapImpl$SetupAdminApi:participant=participant1 - Starting admin-api services on AdminServerConfig(0.0.0.0,Some(5011),None,None,Some(BasicKeepAliveServerConfig(40s,20s,20s,false)),10485760,List(),AdminTokenConfig(None,5m,false,false),5m,JwksCacheConfig(1000,5m,10s,10s),None)
2026-02-03 18:52:40,985 [canton-env-ec-39] INFO  c.d.c.e.CantonNodeBootstrapImpl$SetupNodeId:participant=participant1 - Auto-initialized with uid=participant1::12206142f08a...
2026-02-03 18:52:41,032 [canton-env-ec-47] INFO  c.d.c.p.s.m.MutablePackageMetadataViewImpl:participant=participant1 - Package Metadata View has been initialized (41 ms)
2026-02-03 18:52:41,034 [canton-env-ec-39] INFO  c.d.c.p.ParticipantNodeBootstrap$$anon$1:participant=participant1 - Attempting to build, sign, and Replace NamespaceDelegation(
  namespace = 12206142f08a...,
  target = SigningPublicKey(id = 12206142f08a..., format = DER-encoded X.509 SubjectPublicKeyInfo, keySpec = EC-Curve25519, usage = namespace),
  restriction = none
) with serial None() signed by 12206142f08a...
2026-02-03 18:52:41,040 [canton-env-ec-49] INFO  c.d.c.t.TopologyStateProcessor:participant=participant1/store=Authorized - Storing topology transaction 1/1 TxHash(SHA-256:f829a9fb0522...) with ts=EffectiveTime(2026-02-03T18:52:41.037854Z), signedBy=Set(12206142f08a...)
2026-02-03 18:52:41,041 [canton-env-ec-49] INFO  c.d.c.t.TopologyStateProcessor:participant=participant1/store=Authorized - Persisted topology transactions (SequencedTime(2026-02-03T18:52:41.037854Z), EffectiveTime(2026-02-03T18:52:41.037854Z)):
ValidatedTopologyTransaction(
  SignedTopologyTransaction(
    TopologyTransaction(
      NamespaceDelegation(
        namespace = 12206142f08a...,
        target = SigningPublicKey(id = 12206142f08a..., format = DER-encoded X.509 SubjectPublicKeyInfo, keySpec = EC-Curve25519, usage = namespace),
        restriction = none
      ),
      serial = 1,
      operation = Replace,
      hash = SHA-256:f829a9fb0522...
    ),
    signatures = 12206142f08a...
  )
)
2026-02-03 18:52:41,062 [canton-env-ec-41] INFO  c.d.c.p.ParticipantNodeBootstrap$$anon$1:participant=participant1 - Attempting to build, sign, and Replace OwnerToKeyMapping(member = PAR::participant1::12206142f08a..., signingKeys = Seq(1220c23a83d3..., 1220ef84a58e...), encryptionKeys = 12209bfa7c16...) with serial None() signed by 12206142f08a..., 1220ef84a58e..., 1220c23a83d3...
2026-02-03 18:52:41,068 [canton-env-ec-49] INFO  c.d.c.t.TopologyStateProcessor:participant=participant1/store=Authorized - Storing topology transaction 1/1 TxHash(SHA-256:2b810753c3dd...) with ts=EffectiveTime(2026-02-03T18:52:41.066123Z), signedBy=Set(12206142f08a..., 1220ef84a58e..., 1220c23a83d3...)
2026-02-03 18:52:41,069 [canton-env-ec-49] INFO  c.d.c.t.TopologyStateProcessor:participant=participant1/store=Authorized - Persisted topology transactions (SequencedTime(2026-02-03T18:52:41.066123Z), EffectiveTime(2026-02-03T18:52:41.066123Z)):
ValidatedTopologyTransaction(
  SignedTopologyTransaction(
    TopologyTransaction(
      OwnerToKeyMapping(member = PAR::participant1::12206142f08a..., signingKeys = Seq(1220c23a83d3..., 1220ef84a58e...), encryptionKeys = 12209bfa7c16...),
      serial = 1,
      operation = Replace,
      hash = SHA-256:2b810753c3dd...
    ),
    signatures = Seq(12206142f08a..., 1220c23a83d3..., 1220ef84a58e...)
  )
)
2026-02-03 18:52:41,079 [canton-env-ec-45] INFO  c.d.c.p.LifeCycleContainer:participant=participant1 - Initializing next persistent-state
2026-02-03 18:52:41,090 [canton-env-ec-49] INFO  c.d.c.p.l.a.LedgerApiStore$:participant=participant1 - Creating ledger API storage num-ledger-api: 6
2026-02-03 18:52:41,128 [canton-env-ec-39] INFO  c.d.c.p.s.b.VerifiedDataSource$:participant=participant1 - Attempting to connect to the database (attempt 1/600)
2026-02-03 18:52:41,299 [canton-env-ec-49] INFO  c.d.c.p.s.FlywayMigrations:participant=participant1 - Running Flyway migration...
2026-02-03 18:52:41,328 [canton-env-ec-49] INFO  org.flywaydb.core.FlywayExecutor - Database: jdbc:h2:mem:ledger_api_participant112206142f08ae3d17391775a265d64b947099160506e8e59f8f5120c787ed72117fa_f4c44747aeff4da7b15b8cf171eb4c1f (H2 2.2)
2026-02-03 18:52:41,339 [canton-env-ec-49] INFO  o.f.c.i.s.JdbcTableSchemaHistory - Schema history table "PUBLIC"."flyway_schema_history" does not exist yet
2026-02-03 18:52:41,349 [canton-env-ec-49] INFO  o.f.c.i.s.JdbcTableSchemaHistory - Schema history table "PUBLIC"."flyway_schema_history" does not exist yet
2026-02-03 18:52:41,350 [canton-env-ec-49] INFO  o.f.c.internal.command.DbValidate - Successfully validated 3 migrations (execution time 00:00.002s)
2026-02-03 18:52:41,351 [canton-env-ec-49] INFO  o.f.c.i.s.JdbcTableSchemaHistory - Creating Schema History table "PUBLIC"."flyway_schema_history" ...
2026-02-03 18:52:41,365 [canton-env-ec-49] INFO  o.f.core.internal.command.DbMigrate - Current version of schema "PUBLIC": << Empty Schema >>
2026-02-03 18:52:41,379 [canton-env-ec-49] INFO  o.f.core.internal.command.DbMigrate - Migrating schema "PUBLIC" to version "1.1 - initial"
2026-02-03 18:52:41,418 [canton-env-ec-49] INFO  o.f.core.internal.command.DbMigrate - Migrating schema "PUBLIC" to version "2 - lapi 3.0"
2026-02-03 18:52:41,435 [canton-env-ec-49] INFO  o.f.core.internal.command.DbMigrate - Migrating schema "PUBLIC" to version "4.0 - commitment pruning add index"
2026-02-03 18:52:41,440 [canton-env-ec-49] INFO  o.f.core.internal.command.DbMigrate - Successfully applied 3 migrations to schema "PUBLIC", now at version v4.0 (execution time 00:00.046s)
2026-02-03 18:52:41,441 [canton-env-ec-49] INFO  c.d.c.p.s.FlywayMigrations:participant=participant1 - Flyway schema migration finished successfully, applying 3 steps.
2026-02-03 18:52:41,445 [canton-env-ec-39] INFO  c.d.c.p.s.b.VerifiedDataSource$:participant=participant1 - Attempting to connect to the database (attempt 1/600)
2026-02-03 18:52:41,452 [canton-env-ec-45] INFO  com.zaxxer.hikari.HikariDataSource - daml.index.db.connection.api-server - Starting...
2026-02-03 18:52:41,455 [canton-env-ec-45] INFO  com.zaxxer.hikari.pool.HikariPool - daml.index.db.connection.api-server - Added connection conn8: url=jdbc:h2:mem:ledger_api_participant112206142f08ae3d17391775a265d64b947099160506e8e59f8f5120c787ed72117fa_f4c44747aeff4da7b15b8cf171eb4c1f user=
2026-02-03 18:52:41,456 [canton-env-ec-45] INFO  com.zaxxer.hikari.HikariDataSource - daml.index.db.connection.api-server - Start completed.
2026-02-03 18:52:41,475 [canton-env-ec-41] INFO  c.d.c.p.LifeCycleContainer:participant=participant1 - Next persistent-state initialized (com.digitalasset.canton.participant.store.ParticipantNodePersistentState@74cb4750)
2026-02-03 18:52:41,484 [canton-env-ec-41] INFO  c.d.c.p.LifeCycleContainer:participant=participant1 - Initializing next indexer
2026-02-03 18:52:41,487 [canton-env-ec-41] INFO  c.d.c.p.l.a.LedgerApiIndexer$:participant=participant1 - Creating Ledger API Indexer storage, num-indexer: 16
2026-02-03 18:52:41,517 [canton-env-ec-49] INFO  c.d.c.u.PekkoUtil$RecoveringFutureQueueImpl:participant=participant1 - Initializing consumer...
2026-02-03 18:52:41,519 [canton-env-ec-45] INFO  c.d.c.p.i.p.InitializeParallelIngestion:participant=participant1 - Attempting to initialize with participant ID participant1::12206142f08ae3d17391775a265d64b947099160506e8e59f8f5120c787ed72117fa
2026-02-03 18:52:41,520 [daml.participant.api.index.db.threadpool.connection.api-server-0] INFO  c.d.c.p.s.b.c.ParameterStorageBackendImpl:participant=participant1 - Initializing new database for participantId 'participant1::12206142f08ae3d17391775a265d64b947099160506e8e59f8f5120c787ed72117fa'
2026-02-03 18:52:41,541 [daml.participant.api.index.db.threadpool.connection.api-server-0] INFO  c.d.c.p.i.p.InitializeParallelIngestion:participant=participant1 - Indexer initialized at None
2026-02-03 18:52:41,541 [daml.participant.api.index.db.threadpool.connection.api-server-0] INFO  c.d.c.p.InMemoryState:participant=participant1 - Initializing participant in-memory state to ledger end: None
2026-02-03 18:52:41,547 [canton-env-ec-44] INFO  c.d.c.p.DispatcherState:participant=participant1 - Started a Ledger API offset dispatcher at initialization offset: None.
2026-02-03 18:52:41,586 [canton-env-ec-45] INFO  c.d.c.p.i.p.ParallelIndexerFactory$:participant=participant1 - Indexer initialized, indexing started.
2026-02-03 18:52:41,587 [canton-env-ec-47] INFO  c.d.c.u.PekkoUtil$RecoveringFutureQueueImpl:participant=participant1 - Consumer initialized
2026-02-03 18:52:41,587 [canton-env-ec-49] INFO  c.d.c.p.i.IndexerState:participant=participant1 - Waiting for first successful initialization of the indexer
2026-02-03 18:52:41,588 [canton-env-ec-45] INFO  c.d.c.p.i.IndexerState:participant=participant1 - Indexer initialized
2026-02-03 18:52:41,589 [canton-env-ec-49] INFO  c.d.c.p.l.a.LedgerApiIndexer$:participant=participant1 - Ledger API Indexer started, initializing recoverable indexing.
2026-02-03 18:52:41,590 [canton-env-ec-41] INFO  c.d.c.p.LifeCycleContainer:participant=participant1 - Next indexer initialized (com.digitalasset.canton.participant.ledger.api.LedgerApiIndexer@3620a73d)
2026-02-03 18:52:41,610 [canton-env-ec-50] INFO  c.d.c.p.p.PruningProcessor:participant=participant1 - Pruning status: ParticipantPruningStatus()
2026-02-03 18:52:41,621 [canton-env-ec-41] INFO  c.d.c.p.r.ParticipantReplicaManager:participant=participant1 - Setting initial replica state to Active
2026-02-03 18:52:41,655 [canton-env-ec-41] INFO  c.d.c.p.LifeCycleContainer:participant=participant1 - Initializing next ledger-api-server
2026-02-03 18:52:41,659 [canton-env-ec-41] INFO  c.d.c.p.l.a.LedgerApiServer:participant=participant1 - Starting ledger API server.
2026-02-03 18:52:41,689 [canton-env-ec-39] INFO  c.d.c.p.i.IndexServiceOwner:participant=participant1 - Found existing participant with ID: participant1::12206142f08ae3d17391775a265d64b947099160506e8e59f8f5120c787ed72117fa`
2026-02-03 18:52:41,690 [canton-env-ec-39] INFO  c.d.c.p.i.IndexServiceOwner:participant=participant1 - Participant in-memory state initialized.
2026-02-03 18:52:41,711 [canton-env-ec-44] INFO  c.d.c.p.a.r.MemoryCheck$:participant=participant1 - Using 'tenured' memory pool G1 Old Gen.  Setting its collection pool threshold to 3923771392
2026-02-03 18:52:41,766 [canton-env-ec-41] INFO  c.d.c.p.a.ApiServiceOwner$:participant=participant1 - Daml-LF Engine supports LF versions: 2.1, 2.2
2026-02-03 18:52:41,842 [canton-env-ec-45] INFO  c.d.c.p.a.LedgerApiService$:participant=participant1 - Listening on 0.0.0.0:5012 over plain text with LedgerApiKeepAliveServerConfig(10m,20s,10s,false).
2026-02-03 18:52:41,843 [canton-env-ec-49] INFO  c.d.c.p.a.ApiServiceOwner$:participant=participant1 - Initialized API server listening to port = 5012 without tls.
2026-02-03 18:52:41,875 [http-json-ledger-api-pekko.actor.default-dispatcher-6] INFO  o.a.pekko.event.slf4j.Slf4jLogger - Slf4jLogger started
2026-02-03 18:52:41,884 [canton-env-ec-44] INFO  c.d.c.h.HttpService:participant=participant1 - Starting JSON API server, context: {instance_uuid -> 'cf935311-eae1-49f2-8a2a-ddc11331508b'}
2026-02-03 18:52:43,113 [canton-env-ec-45] INFO  c.d.c.h.HttpApiServer$:participant=participant1 - HTTP JSON API Server started with (address=0.0.0.0, port=5013, portFile=None, pathPrefix=None, wsConfig=None)
2026-02-03 18:52:43,114 [canton-env-ec-51] INFO  c.d.c.p.LifeCycleContainer:participant=participant1 - Next ledger-api-server initialized (com.digitalasset.canton.participant.ledger.api.LedgerApiServer@26f9c58e)
2026-02-03 18:52:43,545 [canton-env-ec-38] INFO  c.d.c.p.a.s.ApiPackageService:participant=participant1 tid:5534b6a166f0e4dbf4180d761f08a0fc - Received request for a package status: GetPackageStatusRequest(b70db8369e1c461d5c70f1c86f526a29e9776c655e6ffc2560f95b05ccb8b946)
2026-02-03 18:52:43,545 [canton-env-ec-48] INFO  c.d.c.p.a.s.ApiPackageService:participant=participant1 tid:5534b6a166f0e4dbf4180d761f08a0fc - Received request for a package status: GetPackageStatusRequest(0e4a572ab1fb94744abb02243a6bbed6c78fc6e3c8d3f60c655f057692a62816)
2026-02-03 18:52:43,545 [canton-env-ec-49] INFO  c.d.c.p.a.s.ApiPackageService:participant=participant1 tid:5534b6a166f0e4dbf4180d761f08a0fc - Received request for a package status: GetPackageStatusRequest(52854220dc199884704958df38befd5492d78384a032fd7558c38f00e3d778a2)
2026-02-03 18:52:43,545 [canton-env-ec-39] INFO  c.d.c.p.a.s.ApiPackageService:participant=participant1 tid:5534b6a166f0e4dbf4180d761f08a0fc - Received request for a package status: GetPackageStatusRequest(c280cc3ef501d237efa7b1120ca3ad2d196e089ad596b666bed59a85f3c9a074)
2026-02-03 18:52:43,545 [canton-env-ec-50] INFO  c.d.c.p.a.s.ApiPackageService:participant=participant1 tid:5534b6a166f0e4dbf4180d761f08a0fc - Received request for a package status: GetPackageStatusRequest(e5411f3d75f072b944bd88e652112a14a3d409c491fd9a51f5f6eede6d3a3348)
2026-02-03 18:52:43,545 [canton-env-ec-47] INFO  c.d.c.p.a.s.ApiPackageService:participant=participant1 tid:5534b6a166f0e4dbf4180d761f08a0fc - Received request for a package status: GetPackageStatusRequest(590736e6f7bc01492007ecb27f3fe75995c19fbd3d41b384aada69619fd4f76c)
2026-02-03 18:52:43,545 [canton-env-ec-46] INFO  c.d.c.p.a.s.ApiPackageService:participant=participant1 tid:5534b6a166f0e4dbf4180d761f08a0fc - Received request for a package status: GetPackageStatusRequest(9e70a8b3510d617f8a136213f33d6a903a10ca0eeec76bb06ba55d1ed9680f69)
2026-02-03 18:52:43,545 [canton-env-ec-45] INFO  c.d.c.p.a.s.ApiPackageService:participant=participant1 tid:5534b6a166f0e4dbf4180d761f08a0fc - Received request for a package status: GetPackageStatusRequest(99ea07e101ed25cdb8584e072278d8df62e10d72c172bfe1621ba0a51cee61ce)
2026-02-03 18:52:43,545 [canton-env-ec-44] INFO  c.d.c.p.a.s.ApiPackageService:participant=participant1 tid:5534b6a166f0e4dbf4180d761f08a0fc - Received request for a package status: GetPackageStatusRequest(bde4bd30749e99603e5afa354706608601029e225d4983324d617825b634253a)
2026-02-03 18:52:43,548 [canton-env-ec-45] INFO  c.d.c.p.a.s.ApiPackageService:participant=participant1 tid:5534b6a166f0e4dbf4180d761f08a0fc - Received request for a package status: GetPackageStatusRequest(86d888f34152dae8729900966b44abcb466b9c111699678de58032de601d2b04)
2026-02-03 18:52:43,549 [canton-env-ec-46] INFO  c.d.c.p.a.s.ApiPackageService:participant=participant1 tid:5534b6a166f0e4dbf4180d761f08a0fc - Received request for a package status: GetPackageStatusRequest(ab068e2f920d0e06347975c2a342b71f8b8e3b4be0f02ead9442caac51aa8877)
2026-02-03 18:52:43,545 [canton-env-ec-41] INFO  c.d.c.p.a.s.ApiPackageService:participant=participant1 tid:5534b6a166f0e4dbf4180d761f08a0fc - Received request for a package status: GetPackageStatusRequest(f181cd661f7af3a60bdaae4b0285a2a67beb55d6910fc8431dbae21a5825ec0f)
2026-02-03 18:52:43,549 [canton-env-ec-46] INFO  c.d.c.p.a.s.ApiPackageService:participant=participant1 tid:5534b6a166f0e4dbf4180d761f08a0fc - Received request for a package status: GetPackageStatusRequest(7adc4c2d07fa3a51173c843cba36e610c1168b2dbbf53076e20c0092eae8763d)
2026-02-03 18:52:43,550 [canton-env-ec-41] INFO  c.d.c.p.a.s.ApiPackageService:participant=participant1 tid:5534b6a166f0e4dbf4180d761f08a0fc - Received request for a package status: GetPackageStatusRequest(91e167fa7a256f21f990c526a0a0df840e99aeef0e67dc1f5415b0309486de74)
2026-02-03 18:52:43,549 [canton-env-ec-45] INFO  c.d.c.p.a.s.ApiPackageService:participant=participant1 tid:5534b6a166f0e4dbf4180d761f08a0fc - Received request for a package status: GetPackageStatusRequest(fa79192fe1cce03d7d8db36471dde4cf6c96e6d0f07e1c391dd49e355af9b38c)
2026-02-03 18:52:43,549 [canton-env-ec-39] INFO  c.d.c.p.a.s.ApiPackageService:participant=participant1 tid:5534b6a166f0e4dbf4180d761f08a0fc - Received request for a package status: GetPackageStatusRequest(6f8e6085f5769861ae7a40dccd618d6f747297d59b37cab89b93e2fa80b0c024)
2026-02-03 18:52:43,549 [canton-env-ec-38] INFO  c.d.c.p.a.s.ApiPackageService:participant=participant1 tid:5534b6a166f0e4dbf4180d761f08a0fc - Received request for a package status: GetPackageStatusRequest(ee33fb70918e7aaa3d3fc44d64a399fb2bf5bcefc54201b1690ecd448551ba88)
2026-02-03 18:52:43,552 [canton-env-ec-39] INFO  c.d.c.p.a.s.ApiPackageService:participant=participant1 tid:5534b6a166f0e4dbf4180d761f08a0fc - Received request for a package status: GetPackageStatusRequest(3cde94fe9be5c700fc1d9a8ad2277e2c1214609f8c52a5b4db77e466875b8cb7)
2026-02-03 18:52:43,549 [canton-env-ec-47] INFO  c.d.c.p.a.s.ApiPackageService:participant=participant1 tid:5534b6a166f0e4dbf4180d761f08a0fc - Received request for a package status: GetPackageStatusRequest(c3bb0c5d04799b3f11bad7c3c102963e115cf53da3e4afcbcfd9f06ebd82b4ff)
2026-02-03 18:52:43,553 [canton-env-ec-39] INFO  c.d.c.p.a.s.ApiPackageService:participant=participant1 tid:5534b6a166f0e4dbf4180d761f08a0fc - Received request for a package status: GetPackageStatusRequest(60c61c542207080e97e378ab447cc355ecc47534b3a3ebbff307c4fb8339bc4d)
2026-02-03 18:52:43,549 [canton-env-ec-49] INFO  c.d.c.p.a.s.ApiPackageService:participant=participant1 tid:5534b6a166f0e4dbf4180d761f08a0fc - Received request for a package status: GetPackageStatusRequest(a1fa18133ae48cbb616c4c148e78e661666778c3087d099067c7fe1868cbb3a1)
2026-02-03 18:52:43,549 [canton-env-ec-48] INFO  c.d.c.p.a.s.ApiPackageService:participant=participant1 tid:5534b6a166f0e4dbf4180d761f08a0fc - Received request for a package status: GetPackageStatusRequest(cae345b5500ef6f84645c816f88b9f7a85a9f3c71697984abdf6849f81e80324)
2026-02-03 18:52:43,548 [canton-env-ec-44] INFO  c.d.c.p.a.s.ApiPackageService:participant=participant1 tid:5534b6a166f0e4dbf4180d761f08a0fc - Received request for a package status: GetPackageStatusRequest(d095a2ccf6dd36b2415adc4fa676f9191ba63cd39828dc5207b36892ec350cbc)
2026-02-03 18:52:43,548 [canton-env-ec-50] INFO  c.d.c.p.a.s.ApiPackageService:participant=participant1 tid:5534b6a166f0e4dbf4180d761f08a0fc - Received request for a package status: GetPackageStatusRequest(6da1f43a10a179524e840e7288b47bda213339b0552d92e87ae811e52f59fc0e)
2026-02-03 18:52:43,546 [canton-env-ec-37] INFO  c.d.c.p.a.s.ApiPackageService:participant=participant1 tid:5534b6a166f0e4dbf4180d761f08a0fc - Received request for a package status: GetPackageStatusRequest(5aee9b21b8e9a4c4975b5f4c4198e6e6e8469df49e2010820e792f393db870f4)
2026-02-03 18:52:43,553 [canton-env-ec-47] INFO  c.d.c.p.a.s.ApiPackageService:participant=participant1 tid:5534b6a166f0e4dbf4180d761f08a0fc - Received request for a package status: GetPackageStatusRequest(bfda48f9aa2c89c895cde538ec4b4946c7085959e031ad61bde616b9849155d7)
2026-02-03 18:52:43,552 [canton-env-ec-38] INFO  c.d.c.p.a.s.ApiPackageService:participant=participant1 tid:5534b6a166f0e4dbf4180d761f08a0fc - Received request for a package status: GetPackageStatusRequest(fcee8dfc1b81c449b421410edd5041c16ab59c45bbea85bcb094d1b17c3e9df7)
2026-02-03 18:52:43,551 [canton-env-ec-45] INFO  c.d.c.p.a.s.ApiPackageService:participant=participant1 tid:5534b6a166f0e4dbf4180d761f08a0fc - Received request for a package status: GetPackageStatusRequest(de2cc2f90eb523414ff54e899951dadd8789a4c07e0f71f6d6c9eaf57d412a54)
2026-02-03 18:52:43,551 [canton-env-ec-41] INFO  c.d.c.p.a.s.ApiPackageService:participant=participant1 tid:5534b6a166f0e4dbf4180d761f08a0fc - Received request for a package status: GetPackageStatusRequest(e7e0adfa881e7dbbb07da065ae54444da7c4bccebcb8872ab0cb5dcf9f3761ce)
2026-02-03 18:52:43,550 [canton-env-ec-46] INFO  c.d.c.p.a.s.ApiPackageService:participant=participant1 tid:5534b6a166f0e4dbf4180d761f08a0fc - Received request for a package status: GetPackageStatusRequest(19f0df5fdaf5a96e137b6ea885fdb378f37bd3166bd9a47ee11518e33fa09a20)
2026-02-03 18:52:44,045 [canton-env-ec-51] INFO  c.d.c.p.a.AdminWorkflowServices:participant=participant1 tid:5516b8065a4b642da810bbe0a396920b - Creating admin workflow service admin-ping
2026-02-03 18:52:44,090 [canton-env-ec-37] INFO  c.d.c.p.a.s.ApiStateService:participant=participant1 tid:5516b8065a4b642da810bbe0a396920b - Received request for active contracts: GetActiveContractsRequest(0,Some(EventFormat(Map(participant1::12206142f08ae3d17391775a265d64b947099160506e8e59f8f5120c787ed72117fa -> Filters(Vector(CumulativeFilter(TemplateFilter(TemplateFilter(Some(Identifier(#canton-builtin-admin-workflow-ping,Canton.Internal.Ping,Ping)),false))), CumulativeFilter(TemplateFilter(TemplateFilter(Some(Identifier(#canton-builtin-admin-workflow-ping,Canton.Internal.Bong,BongProposal)),false))), CumulativeFilter(TemplateFilter(TemplateFilter(Some(Identifier(#canton-builtin-admin-workflow-ping,Canton.Internal.Bong,Explode)),false))), CumulativeFilter(TemplateFilter(TemplateFilter(Some(Identifier(#canton-builtin-admin-workflow-ping,Canton.Internal.Bong,Collapse)),false))), CumulativeFilter(TemplateFilter(TemplateFilter(Some(Identifier(#canton-builtin-admin-workflow-ping,Canton.Internal.Bong,Merge)),false))), CumulativeFilter(TemplateFilter(TemplateFilter(Some(Identifier(#canton-builtin-admin-workflow-ping,Canton.Internal.Bong,Bong)),false)))))),None,false))), filters -> {participant1::12206142f08ae3d17391775a265d64b947099160506e8e59f8f5120c787ed72117fa: {templates: ['#canton-builtin-admin-workflow-ping:Canton.Internal.Bong:Collapse', '#canton-builtin-admin-workflow-ping:Canton.Internal.Bong:Merge', '#canton-builtin-admin-workflow-ping:Canton.Internal.Bong:BongProposal', '#canton-builtin-admin-workflow-ping:Canton.Internal.Bong:Explode', '#canton-builtin-admin-workflow-ping:Canton.Internal.Bong:Bong', '#canton-builtin-admin-workflow-ping:Canton.Internal.Ping:Ping'], interfaces: []}}.
2026-02-03 18:52:44,116 [canton-env-ec-37] INFO  c.d.c.p.a.s.ApiUpdateService:participant=participant1 tid:5516b8065a4b642da810bbe0a396920b - Received request for updates, startExclusive -> 0, endInclusive -> , updateFormat -> {transaction format: [{filters: {participant1::12206142f08ae3d17391775a265d64b947099160506e8e59f8f5120c787ed72117fa: {templates: ['#canton-builtin-admin-workflow-ping:Canton.Internal.Bong:Collapse', '#canton-builtin-admin-workflow-ping:Canton.Internal.Bong:Merge', '#canton-builtin-admin-workflow-ping:Canton.Internal.Bong:BongProposal', '#canton-builtin-admin-workflow-ping:Canton.Internal.Bong:Explode', '#canton-builtin-admin-workflow-ping:Canton.Internal.Bong:Bong', '#canton-builtin-admin-workflow-ping:Canton.Internal.Ping:Ping'], interfaces: []}}, transactionShape: 'AcsDelta'}], reassignment filters: [{participant1::12206142f08ae3d17391775a265d64b947099160506e8e59f8f5120c787ed72117fa: {templates: ['#canton-builtin-admin-workflow-ping:Canton.Internal.Bong:Collapse', '#canton-builtin-admin-workflow-ping:Canton.Internal.Bong:Merge', '#canton-builtin-admin-workflow-ping:Canton.Internal.Bong:BongProposal', '#canton-builtin-admin-workflow-ping:Canton.Internal.Bong:Explode', '#canton-builtin-admin-workflow-ping:Canton.Internal.Bong:Bong', '#canton-builtin-admin-workflow-ping:Canton.Internal.Ping:Ping'], interfaces: []}}], topology format: []}.
2026-02-03 18:52:44,133 [canton-env-ec-41] INFO  c.d.c.p.s.SynchronizerConnectionsManager:participant=participant1 tid:06aa43e0e244650a3359c06b21069fd5 - Reconnecting to synchronizers List(). Already connected: Set()
2026-02-03 18:52:44,134 [canton-env-ec-37] INFO  c.d.c.p.s.SynchronizerConnectionsManager:participant=participant1 tid:06aa43e0e244650a3359c06b21069fd5 - Successfully re-connected to synchronizers List()
2026-02-03 18:52:44,134 [main] INFO  c.d.canton.environment.Environment tid:06aa43e0e244650a3359c06b21069fd5 - Successfully started all nodes
2026-02-03 18:52:44,146 [main] INFO  c.digitalasset.canton.ServerRunner - Running script Some(/app/bootstrap.sc) (SHA-256:3d147c86c8d8...)
2026-02-03 18:52:48,534 [main] INFO  c.d.c.console.ConsoleEnvironment - Bootstrap: Connecting to domain...
2026-02-03 18:52:48,534 [main] INFO  c.d.c.console.ConsoleEnvironment - Bootstrap: Initializing domain...
2026-02-03 18:52:48,632 [canton-env-ec-50] INFO  c.d.c.t.TemporaryStoreRegistry:sequencer=sequencer1 tid:9250a074f8cffd7b5cd3718a077fee0d - Creating temporary topology store mydomain-setup
2026-02-03 18:52:48,702 [canton-env-ec-46] INFO  c.d.c.t.TopologyStateProcessor:sequencer=sequencer1/store=mydomain-setup tid:f8a2881429123c87db06ef18524ceb18 - Storing topology transaction 1/1 TxHash(SHA-256:5559876bdbd1...) with ts=EffectiveTime(2026-02-03T18:52:48.700444Z), signedBy=Set(1220bb98b567...)
2026-02-03 18:52:48,703 [canton-env-ec-46] INFO  c.d.c.t.TopologyStateProcessor:sequencer=sequencer1/store=mydomain-setup tid:f8a2881429123c87db06ef18524ceb18 - Persisted topology transactions (SequencedTime(2026-02-03T18:52:48.700444Z), EffectiveTime(2026-02-03T18:52:48.700444Z)):
ValidatedTopologyTransaction(
  SignedTopologyTransaction(
    TopologyTransaction(
      NamespaceDelegation(
        namespace = 1220bb98b567...,
        target = SigningPublicKey(id = 1220bb98b567..., format = DER-encoded X.509 SubjectPublicKeyInfo, keySpec = EC-Curve25519, usage = namespace),
        restriction = none
      ),
      serial = 1,
      operation = Replace,
      hash = SHA-256:5559876bdbd1...
    ),
    signatures = 1220bb98b567...
  )
)
2026-02-03 18:52:48,706 [canton-env-ec-41] INFO  c.d.c.t.TopologyStateProcessor:sequencer=sequencer1/store=mydomain-setup tid:f8a2881429123c87db06ef18524ceb18 - Storing topology transaction 1/1 TxHash(SHA-256:41b086cab019...) with ts=EffectiveTime(2026-02-03T18:52:48.703898Z), signedBy=Set(1220bb98b567..., 122064b2b120..., 12204802b2f0...)
2026-02-03 18:52:48,707 [canton-env-ec-41] INFO  c.d.c.t.TopologyStateProcessor:sequencer=sequencer1/store=mydomain-setup tid:f8a2881429123c87db06ef18524ceb18 - Persisted topology transactions (SequencedTime(2026-02-03T18:52:48.703898Z), EffectiveTime(2026-02-03T18:52:48.703898Z)):
ValidatedTopologyTransaction(
  SignedTopologyTransaction(
    TopologyTransaction(
      OwnerToKeyMapping(member = SEQ::sequencer1::1220bb98b567..., signingKeys = Seq(12204802b2f0..., 122064b2b120...)),
      serial = 1,
      operation = Replace,
      hash = SHA-256:41b086cab019...
    ),
    signatures = Seq(12204802b2f0..., 122064b2b120..., 1220bb98b567...)
  )
)
2026-02-03 18:52:48,709 [canton-env-ec-49] INFO  c.d.c.t.TopologyStateProcessor:sequencer=sequencer1/store=mydomain-setup tid:f8a2881429123c87db06ef18524ceb18 - Storing topology transaction 1/1 TxHash(SHA-256:ecfb0151ed3d...) with ts=EffectiveTime(2026-02-03T18:52:48.707611Z), signedBy=Set(12205e06b9ef...)
2026-02-03 18:52:48,709 [canton-env-ec-49] INFO  c.d.c.t.TopologyStateProcessor:sequencer=sequencer1/store=mydomain-setup tid:f8a2881429123c87db06ef18524ceb18 - Persisted topology transactions (SequencedTime(2026-02-03T18:52:48.707611Z), EffectiveTime(2026-02-03T18:52:48.707611Z)):
ValidatedTopologyTransaction(
  SignedTopologyTransaction(
    TopologyTransaction(
      NamespaceDelegation(
        namespace = 12205e06b9ef...,
        target = SigningPublicKey(id = 12205e06b9ef..., format = DER-encoded X.509 SubjectPublicKeyInfo, keySpec = EC-Curve25519, usage = namespace),
        restriction = none
      ),
      serial = 1,
      operation = Replace,
      hash = SHA-256:ecfb0151ed3d...
    ),
    signatures = 12205e06b9ef...
  )
)
2026-02-03 18:52:48,712 [canton-env-ec-47] INFO  c.d.c.t.TopologyStateProcessor:sequencer=sequencer1/store=mydomain-setup tid:f8a2881429123c87db06ef18524ceb18 - Storing topology transaction 1/1 TxHash(SHA-256:69ec080d99d5...) with ts=EffectiveTime(2026-02-03T18:52:48.710341Z), signedBy=Set(12205e06b9ef..., 122049d94dbd..., 12204a5843b8...)
2026-02-03 18:52:48,713 [canton-env-ec-47] INFO  c.d.c.t.TopologyStateProcessor:sequencer=sequencer1/store=mydomain-setup tid:f8a2881429123c87db06ef18524ceb18 - Persisted topology transactions (SequencedTime(2026-02-03T18:52:48.710341Z), EffectiveTime(2026-02-03T18:52:48.710341Z)):
ValidatedTopologyTransaction(
  SignedTopologyTransaction(
    TopologyTransaction(
      OwnerToKeyMapping(member = MED::mediator1::12205e06b9ef..., signingKeys = Seq(122049d94dbd..., 12204a5843b8...)),
      serial = 1,
      operation = Replace,
      hash = SHA-256:69ec080d99d5...
    ),
    signatures = Seq(122049d94dbd..., 12204a5843b8..., 12205e06b9ef...)
  )
)
2026-02-03 18:52:48,717 [canton-env-ec-47] INFO  c.d.c.t.TopologyStateProcessor:sequencer=sequencer1/store=mydomain-setup tid:f8a2881429123c87db06ef18524ceb18 - Storing topology transaction 1/1 TxHash(SHA-256:5559876bdbd1...) with ts=EffectiveTime(2026-02-03T18:52:48.713877Z), signedBy=Set(1220bb98b567...)
2026-02-03 18:52:48,718 [canton-env-ec-47] INFO  c.d.c.t.TopologyStateProcessor:sequencer=sequencer1/store=mydomain-setup tid:f8a2881429123c87db06ef18524ceb18 - Persisted topology transactions (SequencedTime(2026-02-03T18:52:48.713877Z), EffectiveTime(2026-02-03T18:52:48.713877Z)):
ValidatedTopologyTransaction(
  SignedTopologyTransaction(
    TopologyTransaction(
      NamespaceDelegation(
        namespace = 1220bb98b567...,
        target = SigningPublicKey(id = 1220bb98b567..., format = DER-encoded X.509 SubjectPublicKeyInfo, keySpec = EC-Curve25519, usage = namespace),
        restriction = none
      ),
      serial = 1,
      operation = Replace,
      hash = SHA-256:5559876bdbd1...
    ),
    signatures = 1220bb98b567...
  )
)
2026-02-03 18:52:48,721 [canton-env-ec-46] INFO  c.d.c.t.TopologyStateProcessor:sequencer=sequencer1/store=mydomain-setup tid:f8a2881429123c87db06ef18524ceb18 - Storing topology transaction 1/1 TxHash(SHA-256:41b086cab019...) with ts=EffectiveTime(2026-02-03T18:52:48.718843Z), signedBy=Set(1220bb98b567..., 122064b2b120..., 12204802b2f0...)
2026-02-03 18:52:48,721 [canton-env-ec-46] INFO  c.d.c.t.TopologyStateProcessor:sequencer=sequencer1/store=mydomain-setup tid:f8a2881429123c87db06ef18524ceb18 - Persisted topology transactions (SequencedTime(2026-02-03T18:52:48.718843Z), EffectiveTime(2026-02-03T18:52:48.718843Z)):
ValidatedTopologyTransaction(
  SignedTopologyTransaction(
    TopologyTransaction(
      OwnerToKeyMapping(member = SEQ::sequencer1::1220bb98b567..., signingKeys = Seq(12204802b2f0..., 122064b2b120...)),
      serial = 1,
      operation = Replace,
      hash = SHA-256:41b086cab019...
    ),
    signatures = Seq(12204802b2f0..., 122064b2b120..., 1220bb98b567...)
  )
)
2026-02-03 18:52:48,740 [canton-env-ec-41] INFO  c.d.c.t.TemporaryTopologyManager:sequencer=sequencer1/store=mydomain-setup tid:e778d49fdb9900bae7792f11c5618471 - Attempting to build, sign, and Replace DecentralizedNamespaceDefinition(namespace = 12202e2a4840..., threshold = 1, owners = 1220bb98b567...) with serial None() 
2026-02-03 18:52:48,747 [canton-env-ec-49] INFO  c.d.c.t.TopologyStateProcessor:sequencer=sequencer1/store=mydomain-setup tid:e778d49fdb9900bae7792f11c5618471 - Storing topology transaction 1/1 TxHash(SHA-256:8d4d55ced2f6...) with ts=EffectiveTime(2026-02-03T18:52:48.744835Z), signedBy=Set(1220bb98b567...)
2026-02-03 18:52:48,747 [canton-env-ec-49] INFO  c.d.c.t.TopologyStateProcessor:sequencer=sequencer1/store=mydomain-setup tid:e778d49fdb9900bae7792f11c5618471 - Persisted topology transactions (SequencedTime(2026-02-03T18:52:48.744835Z), EffectiveTime(2026-02-03T18:52:48.744835Z)):
ValidatedTopologyTransaction(
  SignedTopologyTransaction(
    TopologyTransaction(DecentralizedNamespaceDefinition(namespace = 12202e2a4840..., threshold = 1, owners = 1220bb98b567...), serial = 1, operation = Replace, hash = SHA-256:8d4d55ced2f6...),
    signatures = 1220bb98b567...
  )
)
2026-02-03 18:52:48,796 [canton-env-ec-48] INFO  c.d.c.t.TemporaryTopologyManager:sequencer=sequencer1/store=mydomain-setup tid:37989c16a0241bc285c7544d8ed0cbb9 - Attempting to build, sign, and Replace SynchronizerParametersState(
  synchronizerId = mydomain::12202e2a4840...,
  parameters = DynamicSynchronizerParameters(
    confirmation response timeout = 30s,
    mediator reaction timeout = 30s,
    assignment exclusivity timeout = 1m,
    ledger time record time tolerance = 1m,
    mediator deduplication timeout = 48h,
    reconciliation interval = 1m,
    confirmation requests max rate = 1000000,
    max request size = 10485760,
    sequencer aggregate submission timeout = 6m,
    ACS commitment catchup = AcsCommitmentsCatchUpParameters(catchUpIntervalSkip = 5, nrIntervalsToTriggerCatchUp = 2),
    participant synchronizer limits = ParticipantSynchronizerLimits(confirmation requests max rate = 1000000),
    preparation time record time tolerance = 24h,
    onboarding restriction = UnrestrictedOpen
  )
) with serial None() 
2026-02-03 18:52:48,804 [canton-env-ec-44] INFO  c.d.c.t.TopologyStateProcessor:sequencer=sequencer1/store=mydomain-setup tid:37989c16a0241bc285c7544d8ed0cbb9 - Storing topology transaction 1/1 TxHash(SHA-256:d03bd52795fc...) with ts=EffectiveTime(2026-02-03T18:52:48.802122Z), signedBy=Set(1220bb98b567...)
2026-02-03 18:52:48,805 [canton-env-ec-44] INFO  c.d.c.t.TopologyStateProcessor:sequencer=sequencer1/store=mydomain-setup tid:37989c16a0241bc285c7544d8ed0cbb9 - Persisted topology transactions (SequencedTime(2026-02-03T18:52:48.802122Z), EffectiveTime(2026-02-03T18:52:48.802122Z)):
ValidatedTopologyTransaction(
  SignedTopologyTransaction(
    TopologyTransaction(
      SynchronizerParametersState(
        synchronizerId = mydomain::12202e2a4840...,
        parameters = DynamicSynchronizerParameters(
          confirmation response timeout = 30s,
          mediator reaction timeout = 30s,
          assignment exclusivity timeout = 1m,
          ledger time record time tolerance = 1m,
          mediator deduplication timeout = 48h,
          reconciliation interval = 1m,
          confirmation requests max rate = 1000000,
          max request size = 10485760,
          sequencer aggregate submission timeout = 6m,
          ACS commitment catchup = AcsCommitmentsCatchUpParameters(catchUpIntervalSkip = 5, nrIntervalsToTriggerCatchUp = 2),
          participant synchronizer limits = ParticipantSynchronizerLimits(confirmation requests max rate = 1000000),
          preparation time record time tolerance = 24h,
          onboarding restriction = UnrestrictedOpen
        )
      ),
      serial = 1,
      operation = Replace,
      hash = SHA-256:d03bd52795fc...
    ),
    signatures = 1220bb98b567...
  )
)
2026-02-03 18:52:48,825 [canton-env-ec-45] INFO  c.d.c.t.TemporaryTopologyManager:sequencer=sequencer1/store=mydomain-setup tid:95abf5eb378bccffe08c5cdd72aed1aa - Attempting to build, sign, and Replace MediatorSynchronizerState(synchronizerId = mydomain::12202e2a4840..., group = 0, threshold = 1, active = MED::mediator1::12205e06b9ef...) with serial None() 
2026-02-03 18:52:48,830 [canton-env-ec-49] INFO  c.d.c.t.TopologyStateProcessor:sequencer=sequencer1/store=mydomain-setup tid:95abf5eb378bccffe08c5cdd72aed1aa - Storing topology transaction 1/1 TxHash(SHA-256:62de6c3e55e0...) with ts=EffectiveTime(2026-02-03T18:52:48.828550Z), signedBy=Set(1220bb98b567...)
2026-02-03 18:52:48,830 [canton-env-ec-49] INFO  c.d.c.t.TopologyStateProcessor:sequencer=sequencer1/store=mydomain-setup tid:95abf5eb378bccffe08c5cdd72aed1aa - Persisted topology transactions (SequencedTime(2026-02-03T18:52:48.828550Z), EffectiveTime(2026-02-03T18:52:48.828550Z)):
ValidatedTopologyTransaction(
  SignedTopologyTransaction(
    TopologyTransaction(
      MediatorSynchronizerState(synchronizerId = mydomain::12202e2a4840..., group = 0, threshold = 1, active = MED::mediator1::12205e06b9ef...),
      serial = 1,
      operation = Replace,
      hash = SHA-256:62de6c3e55e0...
    ),
    signatures = 1220bb98b567...
  )
)
2026-02-03 18:52:48,848 [canton-env-ec-41] INFO  c.d.c.t.TemporaryTopologyManager:sequencer=sequencer1/store=mydomain-setup tid:849eb1c20a5fc629cd64035c59235f94 - Attempting to build, sign, and Replace SequencerSynchronizerState(synchronizerId = mydomain::12202e2a4840..., threshold = 1, active = SEQ::sequencer1::1220bb98b567...) with serial None() 
2026-02-03 18:52:48,852 [canton-env-ec-51] INFO  c.d.c.t.TopologyStateProcessor:sequencer=sequencer1/store=mydomain-setup tid:849eb1c20a5fc629cd64035c59235f94 - Storing topology transaction 1/1 TxHash(SHA-256:73d51479db59...) with ts=EffectiveTime(2026-02-03T18:52:48.850839Z), signedBy=Set(1220bb98b567...)
2026-02-03 18:52:48,853 [canton-env-ec-51] INFO  c.d.c.t.TopologyStateProcessor:sequencer=sequencer1/store=mydomain-setup tid:849eb1c20a5fc629cd64035c59235f94 - Persisted topology transactions (SequencedTime(2026-02-03T18:52:48.850839Z), EffectiveTime(2026-02-03T18:52:48.850839Z)):
ValidatedTopologyTransaction(
  SignedTopologyTransaction(
    TopologyTransaction(
      SequencerSynchronizerState(synchronizerId = mydomain::12202e2a4840..., threshold = 1, active = SEQ::sequencer1::1220bb98b567...),
      serial = 1,
      operation = Replace,
      hash = SHA-256:73d51479db59...
    ),
    signatures = 1220bb98b567...
  )
)
2026-02-03 18:52:48,886 [canton-env-ec-44] INFO  c.d.c.s.s.SequencerNodeBootstrap$WaitForSequencerToSynchronizerInit:sequencer=sequencer1 tid:7ff1d6aebb83142a93a6ac3852d6ef80 - Assigning sequencer to synchronizer from beginning
2026-02-03 18:52:48,929 [canton-env-ec-48] INFO  c.d.c.t.p.InitialTopologySnapshotValidator:sequencer=sequencer1 tid:7ff1d6aebb83142a93a6ac3852d6ef80 - Validating 8/8 transactions to initialize the topology store mydomain::12202e2a4840...::34-0 with 1 sequencer times
2026-02-03 18:52:48,951 [canton-env-ec-48] INFO  c.d.c.t.TopologyStateProcessor:sequencer=sequencer1 tid:7ff1d6aebb83142a93a6ac3852d6ef80 - Storing topology transaction 1/8 TxHash(SHA-256:5559876bdbd1...) with ts=EffectiveTime(0001-01-01T00:00:00.000001Z), signedBy=Set(1220bb98b567...)
2026-02-03 18:52:48,952 [canton-env-ec-48] INFO  c.d.c.t.TopologyStateProcessor:sequencer=sequencer1 tid:7ff1d6aebb83142a93a6ac3852d6ef80 - Storing topology transaction 2/8 TxHash(SHA-256:41b086cab019...) with ts=EffectiveTime(0001-01-01T00:00:00.000001Z), signedBy=Set(1220bb98b567..., 122064b2b120..., 12204802b2f0...)
2026-02-03 18:52:48,952 [canton-env-ec-48] INFO  c.d.c.t.TopologyStateProcessor:sequencer=sequencer1 tid:7ff1d6aebb83142a93a6ac3852d6ef80 - Storing topology transaction 3/8 TxHash(SHA-256:ecfb0151ed3d...) with ts=EffectiveTime(0001-01-01T00:00:00.000001Z), signedBy=Set(12205e06b9ef...)
2026-02-03 18:52:48,952 [canton-env-ec-48] INFO  c.d.c.t.TopologyStateProcessor:sequencer=sequencer1 tid:7ff1d6aebb83142a93a6ac3852d6ef80 - Storing topology transaction 4/8 TxHash(SHA-256:69ec080d99d5...) with ts=EffectiveTime(0001-01-01T00:00:00.000001Z), signedBy=Set(12205e06b9ef..., 122049d94dbd..., 12204a5843b8...)
2026-02-03 18:52:48,952 [canton-env-ec-48] INFO  c.d.c.t.TopologyStateProcessor:sequencer=sequencer1 tid:7ff1d6aebb83142a93a6ac3852d6ef80 - Storing topology transaction 5/8 TxHash(SHA-256:8d4d55ced2f6...) with ts=EffectiveTime(0001-01-01T00:00:00.000001Z), signedBy=Set(1220bb98b567...)
2026-02-03 18:52:48,953 [canton-env-ec-48] INFO  c.d.c.t.TopologyStateProcessor:sequencer=sequencer1 tid:7ff1d6aebb83142a93a6ac3852d6ef80 - Storing topology transaction 6/8 TxHash(SHA-256:d03bd52795fc...) with ts=EffectiveTime(0001-01-01T00:00:00.000001Z), signedBy=Set(1220bb98b567...)
2026-02-03 18:52:48,953 [canton-env-ec-48] INFO  c.d.c.t.TopologyStateProcessor:sequencer=sequencer1 tid:7ff1d6aebb83142a93a6ac3852d6ef80 - Storing topology transaction 7/8 TxHash(SHA-256:62de6c3e55e0...) with ts=EffectiveTime(0001-01-01T00:00:00.000001Z), signedBy=Set(1220bb98b567...)
2026-02-03 18:52:48,953 [canton-env-ec-48] INFO  c.d.c.t.TopologyStateProcessor:sequencer=sequencer1 tid:7ff1d6aebb83142a93a6ac3852d6ef80 - Storing topology transaction 8/8 TxHash(SHA-256:73d51479db59...) with ts=EffectiveTime(0001-01-01T00:00:00.000001Z), signedBy=Set(1220bb98b567...)
2026-02-03 18:52:48,955 [canton-env-ec-50] INFO  c.d.c.t.TopologyStateProcessor:sequencer=sequencer1 tid:7ff1d6aebb83142a93a6ac3852d6ef80 - Persisted topology transactions (SequencedTime(0001-01-01T00:00:00.000001Z), EffectiveTime(0001-01-01T00:00:00.000001Z)):
ValidatedTopologyTransaction(
  SignedTopologyTransaction(
    TopologyTransaction(
      NamespaceDelegation(
        namespace = 1220bb98b567...,
        target = SigningPublicKey(id = 1220bb98b567..., format = DER-encoded X.509 SubjectPublicKeyInfo, keySpec = EC-Curve25519, usage = namespace),
        restriction = none
      ),
      serial = 1,
      operation = Replace,
      hash = SHA-256:5559876bdbd1...
    ),
    signatures = 1220bb98b567...
  )
),
ValidatedTopologyTransaction(
  SignedTopologyTransaction(
    TopologyTransaction(
      OwnerToKeyMapping(member = SEQ::sequencer1::1220bb98b567..., signingKeys = Seq(12204802b2f0..., 122064b2b120...)),
      serial = 1,
      operation = Replace,
      hash = SHA-256:41b086cab019...
    ),
    signatures = Seq(12204802b2f0..., 122064b2b120..., 1220bb98b567...)
  )
),
ValidatedTopologyTransaction(
  SignedTopologyTransaction(
    TopologyTransaction(
      NamespaceDelegation(
        namespace = 12205e06b9ef...,
        target = SigningPublicKey(id = 12205e06b9ef..., format = DER-encoded X.509 SubjectPublicKeyInfo, keySpec = EC-Curve25519, usage = namespace),
        restriction = none
      ),
      serial = 1,
      operation = Replace,
      hash = SHA-256:ecfb0151ed3d...
    ),
    signatures = 12205e06b9ef...
  )
),
ValidatedTopologyTransaction(
  SignedTopologyTransaction(
    TopologyTransaction(
      OwnerToKeyMapping(member = MED::mediator1::12205e06b9ef..., signingKeys = Seq(122049d94dbd..., 12204a5843b8...)),
      serial = 1,
      operation = Replace,
      hash = SHA-256:69ec080d99d5...
    ),
    signatures = Seq(122049d94dbd..., 12204a5843b8..., 12205e06b9ef...)
  )
),
ValidatedTopologyTransaction(
  SignedTopologyTransaction(
    TopologyTransaction(DecentralizedNamespaceDefinition(namespace = 12202e2a4840..., threshold = 1, owners = 1220bb98b567...), serial = 1, operation = Replace, hash = SHA-256:8d4d55ced2f6...),
    signatures = 1220bb98b567...
  )
),
ValidatedTopologyTransaction(
  SignedTopologyTransaction(
    TopologyTransaction(
      SynchronizerParametersState(
        synchronizerId = mydomain::12202e2a4840...,
        parameters = DynamicSynchronizerParameters(
          confirmation response timeout = 30s,
          mediator reaction timeout = 30s,
          assignment exclusivity timeout = 1m,
          ledger time record time tolerance = 1m,
          mediator deduplication timeout = 48h,
          reconciliation interval = 1m,
          confirmation requests max rate = 1000000,
          max request size = 10485760,
          sequencer aggregate submission timeout = 6m,
          ACS commitment catchup = AcsCommitmentsCatchUpParameters(catchUpIntervalSkip = 5, nrIntervalsToTriggerCatchUp = 2),
          participant synchronizer limits = ParticipantSynchronizerLimits(confirmation requests max rate = 1000000),
          preparation time record time tolerance = 24h,
          onboarding restriction = UnrestrictedOpen
        )
      ),
      serial = 1,
      operation = Replace,
      hash = SHA-256:d03bd52795fc...
    ),
    signatures = 1220bb98b567...
  )
),
ValidatedTopologyTransaction(
  SignedTopologyTransaction(
    TopologyTransaction(
      MediatorSynchronizerState(synchronizerId = mydomain::12202e2a4840..., group = 0, threshold = 1, active = MED::mediator1::12205e06b9ef...),
      serial = 1,
      operation = Replace,
      hash = SHA-256:62de6c3e55e0...
    ),
    signatures = 1220bb98b567...
  )
),
ValidatedTopologyTransaction(
  SignedTopologyTransaction(
    TopologyTransaction(
      SequencerSynchronizerState(synchronizerId = mydomain::12202e2a4840..., threshold = 1, active = SEQ::sequencer1::1220bb98b567...),
      serial = 1,
      operation = Replace,
      hash = SHA-256:73d51479db59...
    ),
    signatures = 1220bb98b567...
  )
)
2026-02-03 18:52:48,955 [canton-env-ec-38] INFO  c.d.c.t.p.InitialTopologySnapshotValidator:sequencer=sequencer1 tid:7ff1d6aebb83142a93a6ac3852d6ef80 - Import validated and completed, verifying now that the result matches the imported snapshot.
2026-02-03 18:52:48,960 [canton-env-ec-49] INFO  c.d.c.t.p.InitialTopologySnapshotValidator:sequencer=sequencer1 tid:7ff1d6aebb83142a93a6ac3852d6ef80 - Successfully validated and imported 8 topology transactions into the topology store mydomain::12202e2a4840...::34-0.
2026-02-03 18:52:48,961 [canton-env-ec-49] INFO  c.d.c.s.s.SequencerNodeBootstrap$WaitForSequencerToSynchronizerInit:sequencer=sequencer1 - Finalizing initialization for synchronizer mydomain::12202e2a4840...::34-0
2026-02-03 18:52:48,990 [canton-env-ec-45] INFO  c.d.c.s.s.b.DriverBlockSequencerFactory:sequencer=sequencer1 tid:7ff1d6aebb83142a93a6ac3852d6ef80 - Creating reference sequencer at block height None
2026-02-03 18:52:49,059 [canton-env-ec-38] INFO  c.d.c.s.s.b.BlockSequencer:sequencer=sequencer1/psid=mydomain::12202e2a4840::34-0 - Subscribing to block source from 0
2026-02-03 18:52:49,123 [canton-env-ec-38] INFO  c.d.c.s.c.SequencerClientImplPekko:sequencer=sequencer1 - [SEQ::sequencer1::1220bb98b567...] Using new connection pool for synchronizer mydomain::12202e2a4840...::34-0
2026-02-03 18:52:49,140 [canton-env-ec-38] INFO  c.d.c.s.s.SequencerRuntime:sequencer=sequencer1/psid=mydomain::12202e2a4840::34-0 - Sequencer is healthy
2026-02-03 18:52:49,142 [canton-env-ec-38] INFO  c.d.c.s.s.SequencerRuntime:sequencer=sequencer1/psid=mydomain::12202e2a4840::34-0 tid:7ff1d6aebb83142a93a6ac3852d6ef80 - Subscribing to topology transactions for auto-registering members
2026-02-03 18:52:49,143 [canton-env-ec-38] INFO  c.d.c.s.s.SequencerRuntime:sequencer=sequencer1/psid=mydomain::12202e2a4840::34-0 tid:7ff1d6aebb83142a93a6ac3852d6ef80 - Subscribing to topology transactions for logical synchronizer upgrade announcements
2026-02-03 18:52:49,145 [canton-env-ec-38] INFO  c.d.c.s.s.SequencerRuntime:sequencer=sequencer1/psid=mydomain::12202e2a4840::34-0 tid:7ff1d6aebb83142a93a6ac3852d6ef80 - Subscribing to topology transactions for time-advancing broadcast
2026-02-03 18:52:49,171 [canton-env-ec-37] INFO  c.d.c.s.c.SequencerClientImplPekko:sequencer=sequencer1 tid:7ff1d6aebb83142a93a6ac3852d6ef80 - No event found up to 0001-01-01T00:00:00Z. Resubscribing from the beginning.
2026-02-03 18:52:49,172 [canton-env-ec-37] INFO  c.d.c.s.c.SequencerClientImplPekko:sequencer=sequencer1 tid:7ff1d6aebb83142a93a6ac3852d6ef80 - Processing events from the SequencedEventStore from 0001-01-01T00:00:00.000001Z on
2026-02-03 18:52:49,211 [canton-env-ec-38] INFO  c.d.c.s.s.SequencerRuntime:sequencer=sequencer1/psid=mydomain::12202e2a4840::34-0 tid:7ff1d6aebb83142a93a6ac3852d6ef80 - Sequencer runtime initialized
2026-02-03 18:52:49,212 [canton-env-ec-37] INFO  c.d.c.s.SequencerAggregatorPekko:sequencer=sequencer1 - 'sequencer-subscription-mydomain::12202e2a4840...::34-0' is now in state Ok(). Previous state was Not Initialized.
2026-02-03 18:52:49,218 [canton-env-ec-50] INFO  c.d.c.s.s.LocalSequencerStateEventSignaller:sequencer=sequencer1/psid=mydomain::12202e2a4840::34-0 tid:7ff1d6aebb83142a93a6ac3852d6ef80 - Creating signal source for SEQ::sequencer1::1220bb98b567...
2026-02-03 18:52:49,246 [canton-env-ec-47] INFO  c.d.c.h.MutableHealthQuasiComponent:sequencer=sequencer1 - 'sequencer' is now in state SequencerHealthStatus(active = true). Previous state was SequencerHealthStatus(active = false).
2026-02-03 18:52:49,246 [canton-env-ec-47] INFO  c.d.c.s.s.SequencerNodeBootstrap:sequencer=sequencer1 - 'sequencer-health-check-service' is now in state ServingStatus(status = 'SERVING'). Previous state was ServingStatus(status = 'NOT_SERVING').
2026-02-03 18:52:49,247 [canton-env-ec-47] INFO  c.d.c.s.s.SequencerNode:sequencer=sequencer1/psid=mydomain::12202e2a4840::34-0 - Creating sequencer server with public api PublicServerConfig(0.0.0.0,Some(5018),None,Some(BasicKeepAliveServerConfig(40s,20s,20s,false)),1m,1h,25,false,None,Duration.Inf,JwksCacheConfig(1000,5m,10s,10s),None)
2026-02-03 18:52:49,281 [canton-env-ec-48] INFO  c.d.c.s.m.MediatorNodeBootstrap$WaitForMediatorToSynchronizerInit:mediator=mediator1 tid:efd9ad46aa7c24e0547cc0e0507f10b8 - Assigning mediator to mydomain::12202e2a4840...::34-0 via sequencers SequencerConnections(
  connections = Sequencer 'sequencer1' -> GrpcSequencerConnection(sequencerAlias = Sequencer 'sequencer1', endpoints = http://0.0.0.0:5018),
  sequencer trust threshold = 1,
  sequencer liveness margin = 0,
  submission request amplification = SubmissionRequestAmplification(factor = 1, patience = 0s),
  sequencer connection pool delays = SequencerConnectionPoolDelays(minRestartDelay = 0.01s, maxRestartDelay = 10s, warnValidationDelay = 20s, subscriptionRequestDelay = 1s)
)
2026-02-03 18:52:49,295 [canton-env-ec-47] INFO  c.d.c.l.a.ApiRequestLogger:sequencer=sequencer1 tid:a0d671b02235c25f96a1a0ca1210378a - Request grpc.health.v1.Health/Watch by grpc:/[0:0:0:0:0:0:0:1]:49102: cancelled
2026-02-03 18:52:49,299 [canton-env-ec-38] INFO  c.d.c.l.a.ApiRequestLogger:sequencer=sequencer1 tid:7bd3e01bd369913bd7344bc857f64b17 - Request grpc.health.v1.Health/Watch by grpc:/[0:0:0:0:0:0:0:1]:49116: cancelled
2026-02-03 18:52:49,307 [canton-env-ec-38] INFO  c.d.c.l.a.ApiRequestLogger:sequencer=sequencer1 tid:606a734752b1216ee6301a3a07e30f7c - Request grpc.health.v1.Health/Watch by grpc:/[0:0:0:0:0:0:0:1]:49128: cancelled
2026-02-03 18:52:49,308 [canton-env-ec-39] INFO  c.d.c.c.s.g.SequencerInfoLoader:mediator=mediator1 tid:efd9ad46aa7c24e0547cc0e0507f10b8 - Version handshake with sequencer Sequencer 'sequencer1' and synchronizer using protocol version 34 succeeded.
2026-02-03 18:52:49,314 [canton-env-ec-47] INFO  c.d.c.l.a.ApiRequestLogger:sequencer=sequencer1 tid:7103840b19ecc2c98e389ac570ca192e - Request grpc.health.v1.Health/Watch by grpc:/[0:0:0:0:0:0:0:1]:49142: cancelled
2026-02-03 18:52:49,315 [canton-env-ec-39] INFO  c.d.c.c.s.g.SequencerInfoLoader:mediator=mediator1 tid:efd9ad46aa7c24e0547cc0e0507f10b8 - Retrieved synchronizer information: bootstrap information is SynchronizerClientBootstrapInfo(mydomain::12202e2a4840...::34-0,SEQ::sequencer1::1220bb98b567...) and synchronizer parameters are StaticSynchronizerParameters(
  required signing specs = RequiredSigningSpecs(algorithms = Set(Ed25519, EC-DSA-SHA256, EC-DSA-SHA384), keys = Set(EC-Curve25519, EC-P256, EC-P384, EC-Secp256k1)),
  required encryption specs = RequiredEncryptionSpecs(algorithms = Set(ECIES_HMAC256_AES128-CBC, RSA-OAEP-SHA256), keys = Set(EC-P256, RSA-2048)),
  required symmetric key schemes = AES128-GCM,
  required hash algorithms = SHA-256,
  required crypto key formats = Set(Raw, DER-encoded X.509 SubjectPublicKeyInfo, DER-encoded PKCS #8 PrivateKeyInfo),
  topology change delay = 0.25s,
  enable transparency checks = false,
  protocol version = 34,
  serial = 0
)
2026-02-03 18:52:49,322 [canton-env-ec-38] INFO  c.d.c.s.m.MediatorReplicaManager:mediator=mediator1 tid:810de30fee7411960c15b931d7c8cc55 - Transitioning replica state to Active
2026-02-03 18:52:49,344 [canton-env-ec-38] INFO  c.d.c.s.GrpcInternalSequencerConnectionX:mediator=mediator1/psid=mydomain::12202e2a4840::34-0/pool=main/connection=sequencer1-0 - Starting internal-sequencer-connection-sequencer1-0
2026-02-03 18:52:49,346 [canton-env-ec-38] INFO  c.d.c.s.GrpcInternalSequencerConnectionX:mediator=mediator1/psid=mydomain::12202e2a4840::34-0/pool=main/connection=sequencer1-0 - 'internal-sequencer-connection-sequencer1-0' is now in state Starting. Previous state was Initial.
2026-02-03 18:52:49,347 [canton-env-ec-38] INFO  c.d.c.s.GrpcConnectionX:mediator=mediator1/psid=mydomain::12202e2a4840::34-0/pool=main/connection=sequencer1-0 - 'connection-sequencer1-0' is now in state Started. Previous state was Stopped.
2026-02-03 18:52:49,348 [canton-env-ec-38] INFO  c.d.c.s.GrpcInternalSequencerConnectionX:mediator=mediator1/psid=mydomain::12202e2a4840::34-0/pool=main/connection=sequencer1-0 - 'internal-sequencer-connection-sequencer1-0' is now in state Started. Previous state was Starting.
2026-02-03 18:52:49,359 [canton-env-ec-49] INFO  c.d.c.s.GrpcInternalSequencerConnectionX:mediator=mediator1/psid=mydomain::12202e2a4840::34-0/pool=main/connection=sequencer1-0 - 'internal-sequencer-connection-sequencer1-0' is now in state Validated. Previous state was Started.
2026-02-03 18:52:49,369 [canton-env-ec-49] INFO  c.d.c.s.SequencerConnectionXPoolImpl:mediator=mediator1/psid=mydomain::12202e2a4840::34-0/pool=main - 'sequencer-connection-pool' is now in state Ok(). Previous state was Not Initialized.
2026-02-03 18:52:49,382 [canton-env-ec-49] INFO  c.d.c.s.c.RichSequencerClientImpl:mediator=mediator1/psid=mydomain::12202e2a4840::34-0 - [MED::mediator1::12205e06b9ef...] Using new connection pool for synchronizer mydomain::12202e2a4840...::34-0
2026-02-03 18:52:49,419 [canton-env-ec-48] INFO  c.d.c.s.s.a.MemberAuthenticationServiceImpl:sequencer=sequencer1/psid=mydomain::12202e2a4840::34-0 - MED::mediator1::12205e06b9ef... authenticated new token with expiry 2026-02-03T19:52:49.418606Z
2026-02-03 18:52:49,427 [canton-env-ec-39] INFO  c.d.c.t.s.StoreBasedTopologyStateForInitializationService:sequencer=sequencer1/psid=mydomain::12202e2a4840::34-0 - Computing initial topology state hash at 0001-01-01T00:00:00.000001Z for MED::mediator1::12205e06b9ef... active at EffectiveTime(0001-01-01T00:00:00.000001Z)
2026-02-03 18:52:49,431 [canton-env-ec-48] INFO  c.d.c.s.c.BftTopologyForInitDownloader$:mediator=mediator1/psid=mydomain::12202e2a4840::34-0 - Expecting topology state for init with hash TopologyStateForInitHashResponse(SHA-256:e7cb346681d5...)
2026-02-03 18:52:49,435 [canton-env-ec-49] INFO  c.d.c.t.s.StoreBasedTopologyStateForInitializationService:sequencer=sequencer1/psid=mydomain::12202e2a4840::34-0 - Fetching initial topology state at 0001-01-01T00:00:00.000001Z for MED::mediator1::12205e06b9ef... active at EffectiveTime(0001-01-01T00:00:00.000001Z)
2026-02-03 18:52:49,441 [canton-env-ec-38] INFO  c.d.c.s.c.BftTopologyForInitDownloader$:mediator=mediator1/psid=mydomain::12202e2a4840::34-0 - Successfully downloaded topology state of 8 for init with hash matching expected SHA-256:e7cb346681d5...
2026-02-03 18:52:49,441 [canton-env-ec-38] INFO  c.d.c.t.p.InitialTopologySnapshotValidator:mediator=mediator1/psid=mydomain::12202e2a4840::34-0 - Validating 8/8 transactions to initialize the topology store mydomain::12202e2a4840...::34-0 with 1 sequencer times
2026-02-03 18:52:49,452 [canton-env-ec-39] INFO  c.d.c.t.TopologyStateProcessor:mediator=mediator1/psid=mydomain::12202e2a4840::34-0 - Storing topology transaction 1/8 TxHash(SHA-256:5559876bdbd1...) with ts=EffectiveTime(0001-01-01T00:00:00.000001Z), signedBy=Set(1220bb98b567...)
2026-02-03 18:52:49,454 [canton-env-ec-39] INFO  c.d.c.t.TopologyStateProcessor:mediator=mediator1/psid=mydomain::12202e2a4840::34-0 - Storing topology transaction 2/8 TxHash(SHA-256:41b086cab019...) with ts=EffectiveTime(0001-01-01T00:00:00.000001Z), signedBy=Set(1220bb98b567..., 122064b2b120..., 12204802b2f0...)
2026-02-03 18:52:49,454 [canton-env-ec-39] INFO  c.d.c.t.TopologyStateProcessor:mediator=mediator1/psid=mydomain::12202e2a4840::34-0 - Storing topology transaction 3/8 TxHash(SHA-256:ecfb0151ed3d...) with ts=EffectiveTime(0001-01-01T00:00:00.000001Z), signedBy=Set(12205e06b9ef...)
2026-02-03 18:52:49,454 [canton-env-ec-39] INFO  c.d.c.t.TopologyStateProcessor:mediator=mediator1/psid=mydomain::12202e2a4840::34-0 - Storing topology transaction 4/8 TxHash(SHA-256:69ec080d99d5...) with ts=EffectiveTime(0001-01-01T00:00:00.000001Z), signedBy=Set(12205e06b9ef..., 122049d94dbd..., 12204a5843b8...)
2026-02-03 18:52:49,455 [canton-env-ec-39] INFO  c.d.c.t.TopologyStateProcessor:mediator=mediator1/psid=mydomain::12202e2a4840::34-0 - Storing topology transaction 5/8 TxHash(SHA-256:8d4d55ced2f6...) with ts=EffectiveTime(0001-01-01T00:00:00.000001Z), signedBy=Set(1220bb98b567...)
2026-02-03 18:52:49,455 [canton-env-ec-39] INFO  c.d.c.t.TopologyStateProcessor:mediator=mediator1/psid=mydomain::12202e2a4840::34-0 - Storing topology transaction 6/8 TxHash(SHA-256:d03bd52795fc...) with ts=EffectiveTime(0001-01-01T00:00:00.000001Z), signedBy=Set(1220bb98b567...)
2026-02-03 18:52:49,455 [canton-env-ec-39] INFO  c.d.c.t.TopologyStateProcessor:mediator=mediator1/psid=mydomain::12202e2a4840::34-0 - Storing topology transaction 7/8 TxHash(SHA-256:62de6c3e55e0...) with ts=EffectiveTime(0001-01-01T00:00:00.000001Z), signedBy=Set(1220bb98b567...)
2026-02-03 18:52:49,455 [canton-env-ec-39] INFO  c.d.c.t.TopologyStateProcessor:mediator=mediator1/psid=mydomain::12202e2a4840::34-0 - Storing topology transaction 8/8 TxHash(SHA-256:73d51479db59...) with ts=EffectiveTime(0001-01-01T00:00:00.000001Z), signedBy=Set(1220bb98b567...)
2026-02-03 18:52:49,456 [canton-env-ec-51] INFO  c.d.c.t.TopologyStateProcessor:mediator=mediator1/psid=mydomain::12202e2a4840::34-0 - Persisted topology transactions (SequencedTime(0001-01-01T00:00:00.000001Z), EffectiveTime(0001-01-01T00:00:00.000001Z)):
ValidatedTopologyTransaction(
  SignedTopologyTransaction(
    TopologyTransaction(
      NamespaceDelegation(
        namespace = 1220bb98b567...,
        target = SigningPublicKey(id = 1220bb98b567..., format = DER-encoded X.509 SubjectPublicKeyInfo, keySpec = EC-Curve25519, usage = namespace),
        restriction = none
      ),
      serial = 1,
      operation = Replace,
      hash = SHA-256:5559876bdbd1...
    ),
    signatures = 1220bb98b567...
  )
),
ValidatedTopologyTransaction(
  SignedTopologyTransaction(
    TopologyTransaction(
      OwnerToKeyMapping(member = SEQ::sequencer1::1220bb98b567..., signingKeys = Seq(12204802b2f0..., 122064b2b120...)),
      serial = 1,
      operation = Replace,
      hash = SHA-256:41b086cab019...
    ),
    signatures = Seq(12204802b2f0..., 122064b2b120..., 1220bb98b567...)
  )
),
ValidatedTopologyTransaction(
  SignedTopologyTransaction(
    TopologyTransaction(
      NamespaceDelegation(
        namespace = 12205e06b9ef...,
        target = SigningPublicKey(id = 12205e06b9ef..., format = DER-encoded X.509 SubjectPublicKeyInfo, keySpec = EC-Curve25519, usage = namespace),
        restriction = none
      ),
      serial = 1,
      operation = Replace,
      hash = SHA-256:ecfb0151ed3d...
    ),
    signatures = 12205e06b9ef...
  )
),
ValidatedTopologyTransaction(
  SignedTopologyTransaction(
    TopologyTransaction(
      OwnerToKeyMapping(member = MED::mediator1::12205e06b9ef..., signingKeys = Seq(122049d94dbd..., 12204a5843b8...)),
      serial = 1,
      operation = Replace,
      hash = SHA-256:69ec080d99d5...
    ),
    signatures = Seq(122049d94dbd..., 12204a5843b8..., 12205e06b9ef...)
  )
),
ValidatedTopologyTransaction(
  SignedTopologyTransaction(
    TopologyTransaction(DecentralizedNamespaceDefinition(namespace = 12202e2a4840..., threshold = 1, owners = 1220bb98b567...), serial = 1, operation = Replace, hash = SHA-256:8d4d55ced2f6...),
    signatures = 1220bb98b567...
  )
),
ValidatedTopologyTransaction(
  SignedTopologyTransaction(
    TopologyTransaction(
      SynchronizerParametersState(
        synchronizerId = mydomain::12202e2a4840...,
        parameters = DynamicSynchronizerParameters(
          confirmation response timeout = 30s,
          mediator reaction timeout = 30s,
          assignment exclusivity timeout = 1m,
          ledger time record time tolerance = 1m,
          mediator deduplication timeout = 48h,
          reconciliation interval = 1m,
          confirmation requests max rate = 1000000,
          max request size = 10485760,
          sequencer aggregate submission timeout = 6m,
          ACS commitment catchup = AcsCommitmentsCatchUpParameters(catchUpIntervalSkip = 5, nrIntervalsToTriggerCatchUp = 2),
          participant synchronizer limits = ParticipantSynchronizerLimits(confirmation requests max rate = 1000000),
          preparation time record time tolerance = 24h,
          onboarding restriction = UnrestrictedOpen
        )
      ),
      serial = 1,
      operation = Replace,
      hash = SHA-256:d03bd52795fc...
    ),
    signatures = 1220bb98b567...
  )
),
ValidatedTopologyTransaction(
  SignedTopologyTransaction(
    TopologyTransaction(
      MediatorSynchronizerState(synchronizerId = mydomain::12202e2a4840..., group = 0, threshold = 1, active = MED::mediator1::12205e06b9ef...),
      serial = 1,
      operation = Replace,
      hash = SHA-256:62de6c3e55e0...
    ),
    signatures = 1220bb98b567...
  )
),
ValidatedTopologyTransaction(
  SignedTopologyTransaction(
    TopologyTransaction(
      SequencerSynchronizerState(synchronizerId = mydomain::12202e2a4840..., threshold = 1, active = SEQ::sequencer1::1220bb98b567...),
      serial = 1,
      operation = Replace,
      hash = SHA-256:73d51479db59...
    ),
    signatures = 1220bb98b567...
  )
)
2026-02-03 18:52:49,457 [canton-env-ec-47] INFO  c.d.c.t.p.InitialTopologySnapshotValidator:mediator=mediator1/psid=mydomain::12202e2a4840::34-0 - Import validated and completed, verifying now that the result matches the imported snapshot.
2026-02-03 18:52:49,458 [canton-env-ec-45] INFO  c.d.c.t.p.InitialTopologySnapshotValidator:mediator=mediator1/psid=mydomain::12202e2a4840::34-0 - Successfully validated and imported 8 topology transactions into the topology store mydomain::12202e2a4840...::34-0.
2026-02-03 18:52:49,479 [canton-env-ec-45] INFO  c.d.c.s.c.RichSequencerClientImpl:mediator=mediator1/psid=mydomain::12202e2a4840::34-0 - No event found up to 0001-01-01T00:00:00Z. Resubscribing from the beginning.
2026-02-03 18:52:49,480 [canton-env-ec-45] INFO  c.d.c.s.c.RichSequencerClientImpl:mediator=mediator1/psid=mydomain::12202e2a4840::34-0 - Processing events from the SequencedEventStore from 0001-01-01T00:00:00.000001Z on
2026-02-03 18:52:49,490 [canton-env-ec-48] INFO  c.d.c.s.SequencerSubscriptionX:mediator=mediator1/psid=mydomain::12202e2a4840::34-0/connection=sequencer-connection-sequencer1-0 - Starting subscription at the beginning
2026-02-03 18:52:49,494 [canton-env-ec-48] INFO  c.d.c.s.SequencerSubscriptionX:mediator=mediator1/psid=mydomain::12202e2a4840::34-0/connection=sequencer-connection-sequencer1-0 - 'subscription-sequencer-connection-sequencer1-0' is now in state Ok(). Previous state was Failed().
2026-02-03 18:52:49,495 [canton-env-ec-48] INFO  c.d.c.s.SequencerSubscriptionPoolImpl:mediator=mediator1/psid=mydomain::12202e2a4840::34-0 - 'sequencer-subscription-pool' is now in state Ok(). Previous state was Not Initialized.
2026-02-03 18:52:49,496 [canton-env-ec-45] INFO  c.d.c.s.s.s.GrpcSequencerService:sequencer=sequencer1 - MED::mediator1::12205e06b9ef... subscribes from timestamp=None
2026-02-03 18:52:49,497 [canton-env-ec-48] INFO  c.d.c.h.DelegatingMutableHealthComponent:mediator=mediator1/psid=mydomain::12202e2a4840::34-0 - 'sequencer-client' is now in state Ok(). Previous state was Not Initialized.
2026-02-03 18:52:49,497 [canton-env-ec-48] INFO  c.d.c.h.MutableHealthComponent:mediator=mediator1 - 'sequencer-client' is now in state Ok(). Previous state was Not Initialized.
2026-02-03 18:52:49,498 [canton-env-ec-37] INFO  c.d.c.s.s.LocalSequencerStateEventSignaller:sequencer=sequencer1/psid=mydomain::12202e2a4840::34-0 - Creating signal source for MED::mediator1::12205e06b9ef...
2026-02-03 18:52:49,500 [canton-env-ec-51] INFO  c.d.c.s.m.MediatorReplicaManager:mediator=mediator1 tid:810de30fee7411960c15b931d7c8cc55 - Setting replica manager state to Active
2026-02-03 18:52:49,500 [canton-env-ec-51] INFO  c.d.c.s.m.MediatorReplicaManager:mediator=mediator1 tid:810de30fee7411960c15b931d7c8cc55 - Successfully performed replica state change to Active
2026-02-03 18:52:49,501 [canton-env-ec-50] INFO  c.d.c.s.s.s.SubscriptionPool:sequencer=sequencer1 - Adding subscription for MED::mediator1::12205e06b9ef... to pool with 1 active
2026-02-03 18:52:49,504 [canton-env-ec-37] INFO  c.d.c.t.TemporaryStoreRegistry:sequencer=sequencer1 tid:04b4c20d9099b8ea860d928917f1bbc0 - Dropping temporary topology store mydomain-setup
2026-02-03 18:52:49,533 [canton-env-ec-45] INFO  c.d.c.p.a.g.GrpcSynchronizerConnectivityService:participant=participant1 tid:6320f67eba5e5f7d0f197c990dd0cbc7 - Registering new synchronizer SynchronizerConnectionConfig(
  synchronizer = Synchronizer 'mydomain',
  sequencerConnections = SequencerConnections(
    connections = Sequencer 'sequencer1' -> GrpcSequencerConnection(sequencerAlias = Sequencer 'sequencer1', endpoints = http://0.0.0.0:5018),
    sequencer trust threshold = 1,
    sequencer liveness margin = 0,
    submission request amplification = SubmissionRequestAmplification(factor = 1, patience = 0s),
    sequencer connection pool delays = SequencerConnectionPoolDelays(minRestartDelay = 0.01s, maxRestartDelay = 10s, warnValidationDelay = 20s, subscriptionRequestDelay = 1s)
  ),
  manualConnect = false
)
2026-02-03 18:52:49,538 [canton-env-ec-38] INFO  c.d.c.l.a.ApiRequestLogger:sequencer=sequencer1 tid:57c2abe9c913bc35da8206c9836043e4 - Request grpc.health.v1.Health/Watch by grpc:/[0:0:0:0:0:0:0:1]:49160: cancelled
2026-02-03 18:52:49,541 [canton-env-ec-38] INFO  c.d.c.l.a.ApiRequestLogger:sequencer=sequencer1 tid:f01974af0c2e4abef0165bbc3287be9f - Request grpc.health.v1.Health/Watch by grpc:/[0:0:0:0:0:0:0:1]:49174: cancelled
2026-02-03 18:52:49,546 [canton-env-ec-49] INFO  c.d.c.l.a.ApiRequestLogger:sequencer=sequencer1 tid:9609b12889c28c9b13ab42da363e6e1a - Request grpc.health.v1.Health/Watch by grpc:/[0:0:0:0:0:0:0:1]:49186: cancelled
2026-02-03 18:52:49,546 [canton-env-ec-37] INFO  c.d.c.c.s.g.SequencerInfoLoader:participant=participant1 tid:6320f67eba5e5f7d0f197c990dd0cbc7 - Version handshake with sequencer Sequencer 'sequencer1' and synchronizer using protocol version 34 succeeded.
2026-02-03 18:52:49,550 [canton-env-ec-41] INFO  c.d.c.l.a.ApiRequestLogger:sequencer=sequencer1 tid:a4e64e247131100c575bd756b7e48cb2 - Request grpc.health.v1.Health/Watch by grpc:/[0:0:0:0:0:0:0:1]:49198: cancelled
2026-02-03 18:52:49,551 [canton-env-ec-41] INFO  c.d.c.c.s.g.SequencerInfoLoader:participant=participant1 tid:6320f67eba5e5f7d0f197c990dd0cbc7 - Retrieved synchronizer information: bootstrap information is SynchronizerClientBootstrapInfo(mydomain::12202e2a4840...::34-0,SEQ::sequencer1::1220bb98b567...) and synchronizer parameters are StaticSynchronizerParameters(
  required signing specs = RequiredSigningSpecs(algorithms = Set(Ed25519, EC-DSA-SHA256, EC-DSA-SHA384), keys = Set(EC-Curve25519, EC-P256, EC-P384, EC-Secp256k1)),
  required encryption specs = RequiredEncryptionSpecs(algorithms = Set(ECIES_HMAC256_AES128-CBC, RSA-OAEP-SHA256), keys = Set(EC-P256, RSA-2048)),
  required symmetric key schemes = AES128-GCM,
  required hash algorithms = SHA-256,
  required crypto key formats = Set(Raw, DER-encoded X.509 SubjectPublicKeyInfo, DER-encoded PKCS #8 PrivateKeyInfo),
  topology change delay = 0.25s,
  enable transparency checks = false,
  protocol version = 34,
  serial = 0
)
2026-02-03 18:52:49,562 [canton-env-ec-49] INFO  c.d.c.p.a.g.GrpcSynchronizerConnectivityService:participant=participant1 tid:6320f67eba5e5f7d0f197c990dd0cbc7 - Connecting to synchronizer SynchronizerConnectionConfig(
  synchronizer = Synchronizer 'mydomain',
  sequencerConnections = SequencerConnections(
    connections = Sequencer 'sequencer1' -> GrpcSequencerConnection(sequencerAlias = Sequencer 'sequencer1', endpoints = http://0.0.0.0:5018),
    sequencer trust threshold = 1,
    sequencer liveness margin = 0,
    submission request amplification = SubmissionRequestAmplification(factor = 1, patience = 0s),
    sequencer connection pool delays = SequencerConnectionPoolDelays(minRestartDelay = 0.01s, maxRestartDelay = 10s, warnValidationDelay = 20s, subscriptionRequestDelay = 1s)
  ),
  manualConnect = false
)
2026-02-03 18:52:49,570 [canton-env-ec-41] INFO  c.d.c.s.GrpcInternalSequencerConnectionX:participant=participant1/synchronizerAlias=Synchronizer 'mydomain'/pool=main/connection=sequencer1-0 tid:6320f67eba5e5f7d0f197c990dd0cbc7 - Starting internal-sequencer-connection-sequencer1-0
2026-02-03 18:52:49,571 [canton-env-ec-41] INFO  c.d.c.s.GrpcInternalSequencerConnectionX:participant=participant1/synchronizerAlias=Synchronizer 'mydomain'/pool=main/connection=sequencer1-0 tid:6320f67eba5e5f7d0f197c990dd0cbc7 - 'internal-sequencer-connection-sequencer1-0' is now in state Starting. Previous state was Initial.
2026-02-03 18:52:49,571 [canton-env-ec-41] INFO  c.d.c.s.GrpcConnectionX:participant=participant1/synchronizerAlias=Synchronizer 'mydomain'/pool=main/connection=sequencer1-0 tid:6320f67eba5e5f7d0f197c990dd0cbc7 - 'connection-sequencer1-0' is now in state Started. Previous state was Stopped.
2026-02-03 18:52:49,571 [canton-env-ec-41] INFO  c.d.c.s.GrpcInternalSequencerConnectionX:participant=participant1/synchronizerAlias=Synchronizer 'mydomain'/pool=main/connection=sequencer1-0 tid:6320f67eba5e5f7d0f197c990dd0cbc7 - 'internal-sequencer-connection-sequencer1-0' is now in state Started. Previous state was Starting.
2026-02-03 18:52:49,579 [canton-env-ec-51] INFO  c.d.c.s.GrpcInternalSequencerConnectionX:participant=participant1/synchronizerAlias=Synchronizer 'mydomain'/pool=main/connection=sequencer1-0 tid:6320f67eba5e5f7d0f197c990dd0cbc7 - 'internal-sequencer-connection-sequencer1-0' is now in state Validated. Previous state was Started.
2026-02-03 18:52:49,580 [canton-env-ec-51] INFO  c.d.c.s.SequencerConnectionXPoolImpl:participant=participant1/synchronizerAlias=Synchronizer 'mydomain'/pool=main tid:6320f67eba5e5f7d0f197c990dd0cbc7 - 'sequencer-connection-pool' is now in state Ok(). Previous state was Not Initialized.
2026-02-03 18:52:49,602 [canton-env-ec-37] INFO  c.d.c.p.ParticipantNodeBootstrap$$anon$1:participant=participant1 tid:6320f67eba5e5f7d0f197c990dd0cbc7 - Attempting to build, sign, and Replace SynchronizerTrustCertificate(participantId = PAR::participant1::12206142f08a..., synchronizerId = mydomain::12202e2a4840...) with serial None() 
2026-02-03 18:52:49,606 [canton-env-ec-51] INFO  c.d.c.t.TopologyStateProcessor:participant=participant1/store=Authorized tid:6320f67eba5e5f7d0f197c990dd0cbc7 - Storing topology transaction 1/1 TxHash(SHA-256:6ee110cc2c50...) with ts=EffectiveTime(2026-02-03T18:52:49.605041Z), signedBy=Set(12206142f08a...)
2026-02-03 18:52:49,607 [canton-env-ec-51] INFO  c.d.c.t.TopologyStateProcessor:participant=participant1/store=Authorized tid:6320f67eba5e5f7d0f197c990dd0cbc7 - Persisted topology transactions (SequencedTime(2026-02-03T18:52:49.605041Z), EffectiveTime(2026-02-03T18:52:49.605041Z)):
ValidatedTopologyTransaction(
  SignedTopologyTransaction(
    TopologyTransaction(
      SynchronizerTrustCertificate(participantId = PAR::participant1::12206142f08a..., synchronizerId = mydomain::12202e2a4840...),
      serial = 1,
      operation = Replace,
      hash = SHA-256:6ee110cc2c50...
    ),
    signatures = 12206142f08a...
  )
)
2026-02-03 18:52:49,622 [canton-env-ec-41] INFO  c.d.c.l.a.ApiRequestLogger:sequencer=sequencer1 tid:8fdbc49a9929e9585cf6d3e2622cc5e6 - Request grpc.health.v1.Health/Watch by grpc:/[0:0:0:0:0:0:0:1]:49210: cancelled
2026-02-03 18:52:49,643 [canton-env-ec-37] INFO  c.d.c.t.TopologyStateProcessor:sequencer=sequencer1 tid:6320f67eba5e5f7d0f197c990dd0cbc7 - Enqueuing topology transaction 1/3 TxHash(SHA-256:f829a9fb0522...) with ts=EffectiveTime(0001-01-01T00:00:00.000002Z), signedBy=Set(12206142f08a...)
2026-02-03 18:52:49,644 [canton-env-ec-37] INFO  c.d.c.t.TopologyStateProcessor:sequencer=sequencer1 tid:6320f67eba5e5f7d0f197c990dd0cbc7 - Enqueuing topology transaction 2/3 TxHash(SHA-256:2b810753c3dd...) with ts=EffectiveTime(0001-01-01T00:00:00.000002Z), signedBy=Set(12206142f08a..., 1220ef84a58e..., 1220c23a83d3...)
2026-02-03 18:52:49,644 [canton-env-ec-37] INFO  c.d.c.t.TopologyStateProcessor:sequencer=sequencer1 tid:6320f67eba5e5f7d0f197c990dd0cbc7 - Enqueuing topology transaction 3/3 TxHash(SHA-256:6ee110cc2c50...) with ts=EffectiveTime(0001-01-01T00:00:00.000002Z), signedBy=Set(12206142f08a...)
2026-02-03 18:52:49,645 [canton-env-ec-37] INFO  c.d.c.t.TopologyStateProcessor:sequencer=sequencer1 tid:6320f67eba5e5f7d0f197c990dd0cbc7 - Enqueued topology transactions:
ValidatedTopologyTransaction(
  SignedTopologyTransaction(
    TopologyTransaction(
      NamespaceDelegation(
        namespace = 12206142f08a...,
        target = SigningPublicKey(id = 12206142f08a..., format = DER-encoded X.509 SubjectPublicKeyInfo, keySpec = EC-Curve25519, usage = namespace),
        restriction = none
      ),
      serial = 1,
      operation = Replace,
      hash = SHA-256:f829a9fb0522...
    ),
    signatures = 12206142f08a...
  )
),
ValidatedTopologyTransaction(
  SignedTopologyTransaction(
    TopologyTransaction(
      OwnerToKeyMapping(member = PAR::participant1::12206142f08a..., signingKeys = Seq(1220c23a83d3..., 1220ef84a58e...), encryptionKeys = 12209bfa7c16...),
      serial = 1,
      operation = Replace,
      hash = SHA-256:2b810753c3dd...
    ),
    signatures = Seq(12206142f08a..., 1220c23a83d3..., 1220ef84a58e...)
  )
),
ValidatedTopologyTransaction(
  SignedTopologyTransaction(
    TopologyTransaction(
      SynchronizerTrustCertificate(participantId = PAR::participant1::12206142f08a..., synchronizerId = mydomain::12202e2a4840...),
      serial = 1,
      operation = Replace,
      hash = SHA-256:6ee110cc2c50...
    ),
    signatures = 12206142f08a...
  )
)
2026-02-03 18:52:49,649 [canton-env-ec-47] INFO  c.d.c.l.a.ApiRequestLogger:sequencer=sequencer1 tid:1b0e18637f64cb660abb25f5ec2b2cdd - Request grpc.health.v1.Health/Watch by grpc:/[0:0:0:0:0:0:0:1]:49222: cancelled
2026-02-03 18:52:49,653 [canton-env-ec-39] INFO  c.d.c.l.a.ApiRequestLogger:sequencer=sequencer1 tid:a45ca48fcb668f9d2d7b9baa5fc5ec91 - Request grpc.health.v1.Health/Watch by grpc:/[0:0:0:0:0:0:0:1]:49224: cancelled
2026-02-03 18:52:49,654 [canton-env-ec-47] INFO  c.d.c.c.s.g.GrpcSequencerConnectClient:participant=participant1/synchronizerAlias=Synchronizer 'mydomain'/sequencerAlias=sequencer1/sequencerConnection=0_0_0_0:5018 tid:6320f67eba5e5f7d0f197c990dd0cbc7 - The operation 'verify active' was not successful. New kind of error: no success error (request infinite retries). Retrying after 0.5s. Result: Outcome(Right(false)). 
2026-02-03 18:52:49,827 [canton-env-ec-44] INFO  c.d.c.s.b.u.BlockChunkProcessor:sequencer=sequencer1/psid=mydomain::12202e2a4840::34-0 tid:1dc53d4d7a356f95ef0423ce857f0827 - Processing block 0, data chunk 0. Last chunk timestamp=1970-01-01T00:00:00Z, last sequencer event timestamp=None. 1 events:
  Send of 'f2e94960-15f3-4441-bf32-f2f998e809f0' at 2026-02-03T18:52:49.693925Z (tc=01f223e4a8a45390bac4aabdbd483557)
2026-02-03 18:52:49,832 [canton-env-ec-44] INFO  c.d.c.s.b.u.BlockChunkProcessor:sequencer=sequencer1/psid=mydomain::12202e2a4840::34-0 tid:1dc53d4d7a356f95ef0423ce857f0827 - Using approximate topology snapshot at 0001-01-01T00:00:00.250002Z for desired timestamp 1970-01-01T00:00:00Z
2026-02-03 18:52:49,832 [canton-env-ec-50] INFO  c.d.c.s.b.u.BlockChunkProcessor:sequencer=sequencer1/psid=mydomain::12202e2a4840::34-0 tid:01f223e4a8a45390bac4aabdbd483557 - Using approximate topology snapshot at 0001-01-01T00:00:00.250002Z for desired timestamp 2026-02-03T18:52:49.693925Z
2026-02-03 18:52:49,886 [canton-env-ec-44] INFO  c.d.c.s.c.SequencedEventValidatorImpl:mediator=mediator1/psid=mydomain::12202e2a4840::34-0/connection=sequencer-connection-sequencer1-0 tid:01f223e4a8a45390bac4aabdbd483557 - Skipping signature verification of the first sequenced event due to a fresh subscription from SEQ::sequencer1::1220bb98b567...
2026-02-03 18:52:49,887 [canton-env-ec-44] INFO  c.d.c.s.SubscriptionHandlerX:mediator=mediator1/psid=mydomain::12202e2a4840::34-0/connection=sequencer-connection-sequencer1-0 tid:01f223e4a8a45390bac4aabdbd483557 - Caught up with sequencer on batch with timestamp = 2026-02-03T18:52:49.693925Z; delta = PT0.193103S (threshold = PT2562047788015215H30M7.999999999S)
2026-02-03 18:52:49,891 [canton-env-ec-41] INFO  c.d.c.s.m.Mediator:mediator=mediator1/psid=mydomain::12202e2a4840::34-0 tid:01f223e4a8a45390bac4aabdbd483557 - Caught up with sequencer on batch with timestamp = 2026-02-03T18:52:49.693925Z; delta = PT0.197059S (threshold = PT20S)
2026-02-03 18:52:49,901 [canton-env-ec-39] INFO  c.d.c.t.TopologyStateProcessor:mediator=mediator1/psid=mydomain::12202e2a4840::34-0 tid:01f223e4a8a45390bac4aabdbd483557 - Storing topology transaction 1/3 TxHash(SHA-256:f829a9fb0522...) with ts=EffectiveTime(2026-02-03T18:52:49.943925Z), signedBy=Set(12206142f08a...)
2026-02-03 18:52:49,901 [canton-env-ec-37] INFO  c.d.c.t.TopologyStateProcessor:sequencer=sequencer1/psid=mydomain::12202e2a4840::34-0 tid:01f223e4a8a45390bac4aabdbd483557 - Storing topology transaction 1/3 TxHash(SHA-256:f829a9fb0522...) with ts=EffectiveTime(2026-02-03T18:52:49.943925Z), signedBy=Set(12206142f08a...)
2026-02-03 18:52:49,901 [canton-env-ec-39] INFO  c.d.c.t.TopologyStateProcessor:mediator=mediator1/psid=mydomain::12202e2a4840::34-0 tid:01f223e4a8a45390bac4aabdbd483557 - Storing topology transaction 2/3 TxHash(SHA-256:2b810753c3dd...) with ts=EffectiveTime(2026-02-03T18:52:49.943925Z), signedBy=Set(12206142f08a..., 1220ef84a58e..., 1220c23a83d3...)
2026-02-03 18:52:49,901 [canton-env-ec-37] INFO  c.d.c.t.TopologyStateProcessor:sequencer=sequencer1/psid=mydomain::12202e2a4840::34-0 tid:01f223e4a8a45390bac4aabdbd483557 - Storing topology transaction 2/3 TxHash(SHA-256:2b810753c3dd...) with ts=EffectiveTime(2026-02-03T18:52:49.943925Z), signedBy=Set(12206142f08a..., 1220ef84a58e..., 1220c23a83d3...)
2026-02-03 18:52:49,901 [canton-env-ec-39] INFO  c.d.c.t.TopologyStateProcessor:mediator=mediator1/psid=mydomain::12202e2a4840::34-0 tid:01f223e4a8a45390bac4aabdbd483557 - Storing topology transaction 3/3 TxHash(SHA-256:6ee110cc2c50...) with ts=EffectiveTime(2026-02-03T18:52:49.943925Z), signedBy=Set(12206142f08a...)
2026-02-03 18:52:49,901 [canton-env-ec-37] INFO  c.d.c.t.TopologyStateProcessor:sequencer=sequencer1/psid=mydomain::12202e2a4840::34-0 tid:01f223e4a8a45390bac4aabdbd483557 - Storing topology transaction 3/3 TxHash(SHA-256:6ee110cc2c50...) with ts=EffectiveTime(2026-02-03T18:52:49.943925Z), signedBy=Set(12206142f08a...)
2026-02-03 18:52:49,903 [canton-env-ec-39] INFO  c.d.c.t.TopologyStateProcessor:mediator=mediator1/psid=mydomain::12202e2a4840::34-0 tid:01f223e4a8a45390bac4aabdbd483557 - Persisted topology transactions (SequencedTime(2026-02-03T18:52:49.693925Z), EffectiveTime(2026-02-03T18:52:49.943925Z)):
ValidatedTopologyTransaction(
  SignedTopologyTransaction(
    TopologyTransaction(
      NamespaceDelegation(
        namespace = 12206142f08a...,
        target = SigningPublicKey(id = 12206142f08a..., format = DER-encoded X.509 SubjectPublicKeyInfo, keySpec = EC-Curve25519, usage = namespace),
        restriction = none
      ),
      serial = 1,
      operation = Replace,
      hash = SHA-256:f829a9fb0522...
    ),
    signatures = 12206142f08a...
  )
),
ValidatedTopologyTransaction(
  SignedTopologyTransaction(
    TopologyTransaction(
      OwnerToKeyMapping(member = PAR::participant1::12206142f08a..., signingKeys = Seq(1220c23a83d3..., 1220ef84a58e...), encryptionKeys = 12209bfa7c16...),
      serial = 1,
      operation = Replace,
      hash = SHA-256:2b810753c3dd...
    ),
    signatures = Seq(12206142f08a..., 1220c23a83d3..., 1220ef84a58e...)
  )
),
ValidatedTopologyTransaction(
  SignedTopologyTransaction(
    TopologyTransaction(
      SynchronizerTrustCertificate(participantId = PAR::participant1::12206142f08a..., synchronizerId = mydomain::12202e2a4840...),
      serial = 1,
      operation = Replace,
      hash = SHA-256:6ee110cc2c50...
    ),
    signatures = 12206142f08a...
  )
)
2026-02-03 18:52:49,903 [canton-env-ec-48] INFO  c.d.c.t.TopologyStateProcessor:sequencer=sequencer1/psid=mydomain::12202e2a4840::34-0 tid:01f223e4a8a45390bac4aabdbd483557 - Persisted topology transactions (SequencedTime(2026-02-03T18:52:49.693925Z), EffectiveTime(2026-02-03T18:52:49.943925Z)):
ValidatedTopologyTransaction(
  SignedTopologyTransaction(
    TopologyTransaction(
      NamespaceDelegation(
        namespace = 12206142f08a...,
        target = SigningPublicKey(id = 12206142f08a..., format = DER-encoded X.509 SubjectPublicKeyInfo, keySpec = EC-Curve25519, usage = namespace),
        restriction = none
      ),
      serial = 1,
      operation = Replace,
      hash = SHA-256:f829a9fb0522...
    ),
    signatures = 12206142f08a...
  )
),
ValidatedTopologyTransaction(
  SignedTopologyTransaction(
    TopologyTransaction(
      OwnerToKeyMapping(member = PAR::participant1::12206142f08a..., signingKeys = Seq(1220c23a83d3..., 1220ef84a58e...), encryptionKeys = 12209bfa7c16...),
      serial = 1,
      operation = Replace,
      hash = SHA-256:2b810753c3dd...
    ),
    signatures = Seq(12206142f08a..., 1220c23a83d3..., 1220ef84a58e...)
  )
),
ValidatedTopologyTransaction(
  SignedTopologyTransaction(
    TopologyTransaction(
      SynchronizerTrustCertificate(participantId = PAR::participant1::12206142f08a..., synchronizerId = mydomain::12202e2a4840...),
      serial = 1,
      operation = Replace,
      hash = SHA-256:6ee110cc2c50...
    ),
    signatures = 12206142f08a...
  )
)
2026-02-03 18:52:49,904 [canton-env-ec-48] INFO  c.d.c.s.s.SequencerRuntime:sequencer=sequencer1/psid=mydomain::12202e2a4840::34-0 tid:01f223e4a8a45390bac4aabdbd483557 - Topology change has triggered sequencer registration of member PAR::participant1::12206142f08a...
2026-02-03 18:52:50,162 [canton-env-ec-39] INFO  c.d.c.c.s.g.GrpcSequencerConnectClient:participant=participant1/synchronizerAlias=Synchronizer 'mydomain'/sequencerAlias=sequencer1/sequencerConnection=0_0_0_0:5018 tid:6320f67eba5e5f7d0f197c990dd0cbc7 - Now retrying operation 'verify active'. 
2026-02-03 18:52:50,174 [canton-env-ec-47] INFO  c.d.c.l.a.ApiRequestLogger:sequencer=sequencer1 tid:4f2616c3687e3be366214e4b4aa320b6 - Request grpc.health.v1.Health/Watch by grpc:/[0:0:0:0:0:0:0:1]:49226: cancelled
2026-02-03 18:52:50,174 [canton-env-ec-49] INFO  c.d.c.c.s.g.GrpcSequencerConnectClient:participant=participant1/synchronizerAlias=Synchronizer 'mydomain'/sequencerAlias=sequencer1/sequencerConnection=0_0_0_0:5018 tid:6320f67eba5e5f7d0f197c990dd0cbc7 - The operation 'verify active' was not successful. Retrying after 0.5s. Result: Outcome(Right(false)). 
2026-02-03 18:52:50,677 [canton-env-ec-38] INFO  c.d.c.c.s.g.GrpcSequencerConnectClient:participant=participant1/synchronizerAlias=Synchronizer 'mydomain'/sequencerAlias=sequencer1/sequencerConnection=0_0_0_0:5018 tid:6320f67eba5e5f7d0f197c990dd0cbc7 - Now retrying operation 'verify active'. 
2026-02-03 18:52:50,691 [canton-env-ec-39] INFO  c.d.c.l.a.ApiRequestLogger:sequencer=sequencer1 tid:a2ccbddf110178daf8e5cbb2f400c6b1 - Request grpc.health.v1.Health/Watch by grpc:/[0:0:0:0:0:0:0:1]:49232: cancelled
2026-02-03 18:52:50,692 [canton-env-ec-44] INFO  c.d.c.c.s.g.GrpcSequencerConnectClient:participant=participant1/synchronizerAlias=Synchronizer 'mydomain'/sequencerAlias=sequencer1/sequencerConnection=0_0_0_0:5018 tid:6320f67eba5e5f7d0f197c990dd0cbc7 - The operation 'verify active' was not successful. Retrying after 0.5s. Result: Outcome(Right(false)). 
2026-02-03 18:52:51,011 [canton-env-ec-51] INFO  c.d.c.s.b.u.BlockChunkProcessor:sequencer=sequencer1/psid=mydomain::12202e2a4840::34-0 tid:40184d84f5091d0d23256f1c686200e9 - Processing block 1, data chunk 0. Last chunk timestamp=2026-02-03T18:52:49.693925Z, last sequencer event timestamp=Some(2026-02-03T18:52:49.693925Z). 1 events:
  Send of 'time-adv-6ebd175e-c837-487e-9f72-47b9f9ca6cba' at 2026-02-03T18:52:50.932102Z (tc=507b7d5750b09db2169532a046688c9c)
2026-02-03 18:52:51,193 [canton-env-ec-51] INFO  c.d.c.c.s.g.GrpcSequencerConnectClient:participant=participant1/synchronizerAlias=Synchronizer 'mydomain'/sequencerAlias=sequencer1/sequencerConnection=0_0_0_0:5018 tid:6320f67eba5e5f7d0f197c990dd0cbc7 - Now retrying operation 'verify active'. 
2026-02-03 18:52:51,210 [canton-env-ec-50] INFO  c.d.c.l.a.ApiRequestLogger:sequencer=sequencer1 tid:40b6f2f1bfc7e77c782c3951b3096bdc - Request grpc.health.v1.Health/Watch by grpc:/[0:0:0:0:0:0:0:1]:49244: cancelled
2026-02-03 18:52:51,212 [canton-env-ec-48] INFO  c.d.c.s.c.RichSequencerClientImpl:participant=participant1/psid=mydomain::12202e2a4840::34-0 - [PAR::participant1::12206142f08a...] Using new connection pool for synchronizer mydomain::12202e2a4840...::34-0
2026-02-03 18:52:51,223 [canton-env-ec-48] INFO  c.d.c.s.s.a.MemberAuthenticationServiceImpl:sequencer=sequencer1/psid=mydomain::12202e2a4840::34-0 tid:6320f67eba5e5f7d0f197c990dd0cbc7 - PAR::participant1::12206142f08a... authenticated new token with expiry 2026-02-03T19:52:51.223405Z
2026-02-03 18:52:51,226 [canton-env-ec-47] INFO  c.d.c.t.s.StoreBasedTopologyStateForInitializationService:sequencer=sequencer1/psid=mydomain::12202e2a4840::34-0 tid:6320f67eba5e5f7d0f197c990dd0cbc7 - Computing initial topology state hash at 2026-02-03T18:52:49.943925Z for PAR::participant1::12206142f08a... active at EffectiveTime(2026-02-03T18:52:49.943925Z)
2026-02-03 18:52:51,228 [canton-env-ec-47] INFO  c.d.c.s.c.BftTopologyForInitDownloader$:participant=participant1/psid=mydomain::12202e2a4840::34-0 tid:6320f67eba5e5f7d0f197c990dd0cbc7 - Expecting topology state for init with hash TopologyStateForInitHashResponse(SHA-256:053b4bd6f2c1...)
2026-02-03 18:52:51,231 [canton-env-ec-41] INFO  c.d.c.t.s.StoreBasedTopologyStateForInitializationService:sequencer=sequencer1/psid=mydomain::12202e2a4840::34-0 - Fetching initial topology state at 2026-02-03T18:52:49.943925Z for PAR::participant1::12206142f08a... active at EffectiveTime(2026-02-03T18:52:49.943925Z)
2026-02-03 18:52:51,236 [canton-env-ec-46] INFO  c.d.c.s.c.BftTopologyForInitDownloader$:participant=participant1/psid=mydomain::12202e2a4840::34-0 tid:6320f67eba5e5f7d0f197c990dd0cbc7 - Successfully downloaded topology state of 11 for init with hash matching expected SHA-256:053b4bd6f2c1...
2026-02-03 18:52:51,236 [canton-env-ec-46] INFO  c.d.c.t.p.InitialTopologySnapshotValidator:participant=participant1/psid=mydomain::12202e2a4840::34-0 tid:6320f67eba5e5f7d0f197c990dd0cbc7 - Validating 11/11 transactions to initialize the topology store mydomain::12202e2a4840...::34-0 with 2 sequencer times
2026-02-03 18:52:51,248 [canton-env-ec-37] INFO  c.d.c.t.TopologyStateProcessor:participant=participant1/psid=mydomain::12202e2a4840::34-0 tid:6320f67eba5e5f7d0f197c990dd0cbc7 - Storing topology transaction 1/8 TxHash(SHA-256:5559876bdbd1...) with ts=EffectiveTime(0001-01-01T00:00:00.000001Z), signedBy=Set(1220bb98b567...)
2026-02-03 18:52:51,248 [canton-env-ec-37] INFO  c.d.c.t.TopologyStateProcessor:participant=participant1/psid=mydomain::12202e2a4840::34-0 tid:6320f67eba5e5f7d0f197c990dd0cbc7 - Storing topology transaction 2/8 TxHash(SHA-256:41b086cab019...) with ts=EffectiveTime(0001-01-01T00:00:00.000001Z), signedBy=Set(1220bb98b567..., 122064b2b120..., 12204802b2f0...)
2026-02-03 18:52:51,249 [canton-env-ec-37] INFO  c.d.c.t.TopologyStateProcessor:participant=participant1/psid=mydomain::12202e2a4840::34-0 tid:6320f67eba5e5f7d0f197c990dd0cbc7 - Storing topology transaction 3/8 TxHash(SHA-256:ecfb0151ed3d...) with ts=EffectiveTime(0001-01-01T00:00:00.000001Z), signedBy=Set(12205e06b9ef...)
2026-02-03 18:52:51,249 [canton-env-ec-37] INFO  c.d.c.t.TopologyStateProcessor:participant=participant1/psid=mydomain::12202e2a4840::34-0 tid:6320f67eba5e5f7d0f197c990dd0cbc7 - Storing topology transaction 4/8 TxHash(SHA-256:69ec080d99d5...) with ts=EffectiveTime(0001-01-01T00:00:00.000001Z), signedBy=Set(12205e06b9ef..., 122049d94dbd..., 12204a5843b8...)
2026-02-03 18:52:51,249 [canton-env-ec-37] INFO  c.d.c.t.TopologyStateProcessor:participant=participant1/psid=mydomain::12202e2a4840::34-0 tid:6320f67eba5e5f7d0f197c990dd0cbc7 - Storing topology transaction 5/8 TxHash(SHA-256:8d4d55ced2f6...) with ts=EffectiveTime(0001-01-01T00:00:00.000001Z), signedBy=Set(1220bb98b567...)
2026-02-03 18:52:51,249 [canton-env-ec-37] INFO  c.d.c.t.TopologyStateProcessor:participant=participant1/psid=mydomain::12202e2a4840::34-0 tid:6320f67eba5e5f7d0f197c990dd0cbc7 - Storing topology transaction 6/8 TxHash(SHA-256:d03bd52795fc...) with ts=EffectiveTime(0001-01-01T00:00:00.000001Z), signedBy=Set(1220bb98b567...)
2026-02-03 18:52:51,249 [canton-env-ec-37] INFO  c.d.c.t.TopologyStateProcessor:participant=participant1/psid=mydomain::12202e2a4840::34-0 tid:6320f67eba5e5f7d0f197c990dd0cbc7 - Storing topology transaction 7/8 TxHash(SHA-256:62de6c3e55e0...) with ts=EffectiveTime(0001-01-01T00:00:00.000001Z), signedBy=Set(1220bb98b567...)
2026-02-03 18:52:51,250 [canton-env-ec-37] INFO  c.d.c.t.TopologyStateProcessor:participant=participant1/psid=mydomain::12202e2a4840::34-0 tid:6320f67eba5e5f7d0f197c990dd0cbc7 - Storing topology transaction 8/8 TxHash(SHA-256:73d51479db59...) with ts=EffectiveTime(0001-01-01T00:00:00.000001Z), signedBy=Set(1220bb98b567...)
2026-02-03 18:52:51,251 [canton-env-ec-37] INFO  c.d.c.t.TopologyStateProcessor:participant=participant1/psid=mydomain::12202e2a4840::34-0 tid:6320f67eba5e5f7d0f197c990dd0cbc7 - Persisted topology transactions (SequencedTime(0001-01-01T00:00:00.000001Z), EffectiveTime(0001-01-01T00:00:00.000001Z)):
ValidatedTopologyTransaction(
  SignedTopologyTransaction(
    TopologyTransaction(
      NamespaceDelegation(
        namespace = 1220bb98b567...,
        target = SigningPublicKey(id = 1220bb98b567..., format = DER-encoded X.509 SubjectPublicKeyInfo, keySpec = EC-Curve25519, usage = namespace),
        restriction = none
      ),
      serial = 1,
      operation = Replace,
      hash = SHA-256:5559876bdbd1...
    ),
    signatures = 1220bb98b567...
  )
),
ValidatedTopologyTransaction(
  SignedTopologyTransaction(
    TopologyTransaction(
      OwnerToKeyMapping(member = SEQ::sequencer1::1220bb98b567..., signingKeys = Seq(12204802b2f0..., 122064b2b120...)),
      serial = 1,
      operation = Replace,
      hash = SHA-256:41b086cab019...
    ),
    signatures = Seq(12204802b2f0..., 122064b2b120..., 1220bb98b567...)
  )
),
ValidatedTopologyTransaction(
  SignedTopologyTransaction(
    TopologyTransaction(
      NamespaceDelegation(
        namespace = 12205e06b9ef...,
        target = SigningPublicKey(id = 12205e06b9ef..., format = DER-encoded X.509 SubjectPublicKeyInfo, keySpec = EC-Curve25519, usage = namespace),
        restriction = none
      ),
      serial = 1,
      operation = Replace,
      hash = SHA-256:ecfb0151ed3d...
    ),
    signatures = 12205e06b9ef...
  )
),
ValidatedTopologyTransaction(
  SignedTopologyTransaction(
    TopologyTransaction(
      OwnerToKeyMapping(member = MED::mediator1::12205e06b9ef..., signingKeys = Seq(122049d94dbd..., 12204a5843b8...)),
      serial = 1,
      operation = Replace,
      hash = SHA-256:69ec080d99d5...
    ),
    signatures = Seq(122049d94dbd..., 12204a5843b8..., 12205e06b9ef...)
  )
),
ValidatedTopologyTransaction(
  SignedTopologyTransaction(
    TopologyTransaction(DecentralizedNamespaceDefinition(namespace = 12202e2a4840..., threshold = 1, owners = 1220bb98b567...), serial = 1, operation = Replace, hash = SHA-256:8d4d55ced2f6...),
    signatures = 1220bb98b567...
  )
),
ValidatedTopologyTransaction(
  SignedTopologyTransaction(
    TopologyTransaction(
      SynchronizerParametersState(
        synchronizerId = mydomain::12202e2a4840...,
        parameters = DynamicSynchronizerParameters(
          confirmation response timeout = 30s,
          mediator reaction timeout = 30s,
          assignment exclusivity timeout = 1m,
          ledger time record time tolerance = 1m,
          mediator deduplication timeout = 48h,
          reconciliation interval = 1m,
          confirmation requests max rate = 1000000,
          max request size = 10485760,
          sequencer aggregate submission timeout = 6m,
          ACS commitment catchup = AcsCommitmentsCatchUpParameters(catchUpIntervalSkip = 5, nrIntervalsToTriggerCatchUp = 2),
          participant synchronizer limits = ParticipantSynchronizerLimits(confirmation requests max rate = 1000000),
          preparation time record time tolerance = 24h,
          onboarding restriction = UnrestrictedOpen
        )
      ),
      serial = 1,
      operation = Replace,
      hash = SHA-256:d03bd52795fc...
    ),
    signatures = 1220bb98b567...
  )
),
ValidatedTopologyTransaction(
  SignedTopologyTransaction(
    TopologyTransaction(
      MediatorSynchronizerState(synchronizerId = mydomain::12202e2a4840..., group = 0, threshold = 1, active = MED::mediator1::12205e06b9ef...),
      serial = 1,
      operation = Replace,
      hash = SHA-256:62de6c3e55e0...
    ),
    signatures = 1220bb98b567...
  )
),
ValidatedTopologyTransaction(
  SignedTopologyTransaction(
    TopologyTransaction(
      SequencerSynchronizerState(synchronizerId = mydomain::12202e2a4840..., threshold = 1, active = SEQ::sequencer1::1220bb98b567...),
      serial = 1,
      operation = Replace,
      hash = SHA-256:73d51479db59...
    ),
    signatures = 1220bb98b567...
  )
)
2026-02-03 18:52:51,256 [canton-env-ec-38] INFO  c.d.c.t.TopologyStateProcessor:participant=participant1/psid=mydomain::12202e2a4840::34-0 tid:6320f67eba5e5f7d0f197c990dd0cbc7 - Storing topology transaction 1/3 TxHash(SHA-256:f829a9fb0522...) with ts=EffectiveTime(2026-02-03T18:52:49.943925Z), signedBy=Set(12206142f08a...)
2026-02-03 18:52:51,256 [canton-env-ec-38] INFO  c.d.c.t.TopologyStateProcessor:participant=participant1/psid=mydomain::12202e2a4840::34-0 tid:6320f67eba5e5f7d0f197c990dd0cbc7 - Storing topology transaction 2/3 TxHash(SHA-256:2b810753c3dd...) with ts=EffectiveTime(2026-02-03T18:52:49.943925Z), signedBy=Set(12206142f08a..., 1220ef84a58e..., 1220c23a83d3...)
2026-02-03 18:52:51,257 [canton-env-ec-38] INFO  c.d.c.t.TopologyStateProcessor:participant=participant1/psid=mydomain::12202e2a4840::34-0 tid:6320f67eba5e5f7d0f197c990dd0cbc7 - Storing topology transaction 3/3 TxHash(SHA-256:6ee110cc2c50...) with ts=EffectiveTime(2026-02-03T18:52:49.943925Z), signedBy=Set(12206142f08a...)
2026-02-03 18:52:51,257 [canton-env-ec-38] INFO  c.d.c.t.TopologyStateProcessor:participant=participant1/psid=mydomain::12202e2a4840::34-0 tid:6320f67eba5e5f7d0f197c990dd0cbc7 - Persisted topology transactions (SequencedTime(2026-02-03T18:52:49.693925Z), EffectiveTime(2026-02-03T18:52:49.943925Z)):
ValidatedTopologyTransaction(
  SignedTopologyTransaction(
    TopologyTransaction(
      NamespaceDelegation(
        namespace = 12206142f08a...,
        target = SigningPublicKey(id = 12206142f08a..., format = DER-encoded X.509 SubjectPublicKeyInfo, keySpec = EC-Curve25519, usage = namespace),
        restriction = none
      ),
      serial = 1,
      operation = Replace,
      hash = SHA-256:f829a9fb0522...
    ),
    signatures = 12206142f08a...
  )
),
ValidatedTopologyTransaction(
  SignedTopologyTransaction(
    TopologyTransaction(
      OwnerToKeyMapping(member = PAR::participant1::12206142f08a..., signingKeys = Seq(1220c23a83d3..., 1220ef84a58e...), encryptionKeys = 12209bfa7c16...),
      serial = 1,
      operation = Replace,
      hash = SHA-256:2b810753c3dd...
    ),
    signatures = Seq(12206142f08a..., 1220c23a83d3..., 1220ef84a58e...)
  )
),
ValidatedTopologyTransaction(
  SignedTopologyTransaction(
    TopologyTransaction(
      SynchronizerTrustCertificate(participantId = PAR::participant1::12206142f08a..., synchronizerId = mydomain::12202e2a4840...),
      serial = 1,
      operation = Replace,
      hash = SHA-256:6ee110cc2c50...
    ),
    signatures = 12206142f08a...
  )
)
2026-02-03 18:52:51,258 [canton-env-ec-41] INFO  c.d.c.t.p.InitialTopologySnapshotValidator:participant=participant1/psid=mydomain::12202e2a4840::34-0 tid:6320f67eba5e5f7d0f197c990dd0cbc7 - Import validated and completed, verifying now that the result matches the imported snapshot.
2026-02-03 18:52:51,259 [canton-env-ec-38] INFO  c.d.c.t.p.InitialTopologySnapshotValidator:participant=participant1/psid=mydomain::12202e2a4840::34-0 tid:6320f67eba5e5f7d0f197c990dd0cbc7 - Successfully validated and imported 11 topology transactions into the topology store mydomain::12202e2a4840...::34-0.
2026-02-03 18:52:51,278 [canton-env-ec-44] INFO  c.d.c.p.s.SyncEphemeralStateFactoryImpl:participant=participant1 tid:6320f67eba5e5f7d0f197c990dd0cbc7 - Computed starting points: ProcessingStartingPoints(
  clean replay = MessageCleanReplayStartingPoint(next request counter = 0, next sequencer counter = 0, prenext timestamp = 0001-01-01T00:00:00Z),
  processing = MessageProcessingStartingPoint(
    next request counter = 0,
    next sequencer counter = 0,
    last sequencer timestamp = 0001-01-01T00:00:00Z,
    current record time = 0001-01-01T00:00:00Z,
    next repair counter = 0
  )
)
2026-02-03 18:52:51,313 [canton-env-ec-39] INFO  c.d.c.p.p.AcsCommitmentProcessor$:participant=participant1/psid=mydomain::12202e2a4840::34-0 - Initialized from stored snapshot at RecordTime(timestamp = 0001-01-01T00:00:00Z, tieBreaker = -9223372036854775808) (might be incomplete) with CommitmentSnapshot(record time = RecordTime(timestamp = 0001-01-01T00:00:00Z, tieBreaker = -9223372036854775808), active = Map(), delta (parties) = Set(), deleted = Set())
2026-02-03 18:52:51,315 [canton-env-ec-39] INFO  c.d.c.p.p.AcsCommitmentProcessor:participant=participant1/psid=mydomain::12202e2a4840::34-0 - Will use parallelism 11 out of 12 when computing ACS commitments
2026-02-03 18:52:51,317 [canton-env-ec-39] INFO  c.d.c.p.p.AcsCommitmentProcessor$:participant=participant1/psid=mydomain::12202e2a4840::34-0 - Initialized the ACS commitment processor DB queue and started processing buffered commitments until None
2026-02-03 18:52:51,318 [canton-env-ec-48] INFO  c.d.c.p.p.ParticipantTopologyTerminateProcessing:participant=participant1/psid=mydomain::12202e2a4840::34-0 - Fetching effective state changes after initial record time 0001-01-01T00:00:00Z at synchronizer-startup for topology event recovery.
2026-02-03 18:52:51,324 [canton-env-ec-48] INFO  c.d.c.p.p.ParticipantTopologyTerminateProcessing:participant=participant1/psid=mydomain::12202e2a4840::34-0 - Found 1 outstanding events from synchronizer bootstrapping and 0 outstanding events from topology processing to process.
2026-02-03 18:52:51,324 [canton-env-ec-48] INFO  c.d.c.p.p.ParticipantTopologyTerminateProcessing:participant=participant1/psid=mydomain::12202e2a4840::34-0 - Fetching trace-contexts for 0 topology-updates for topology event recovery.
2026-02-03 18:52:51,325 [canton-env-ec-48] INFO  c.d.c.p.p.ParticipantTopologyTerminateProcessing:participant=participant1/psid=mydomain::12202e2a4840::34-0 - Scheduling 1 topology events at synchronizer-startup.
2026-02-03 18:52:51,367 [canton-env-ec-48] INFO  c.d.c.h.MutableHealthComponent:participant=participant1 - 'acs-commitment-processor' is now in state Ok(). Previous state was Not Initialized.
2026-02-03 18:52:51,367 [canton-env-ec-48] INFO  c.d.c.h.MutableHealthComponent:participant=participant1 - 'acs-commitment-processor' is now in state Ok(). Previous state was Not Initialized.
2026-02-03 18:52:51,367 [canton-env-ec-48] INFO  c.d.c.p.s.ConnectedSynchronizer:participant=participant1/psid=mydomain::12202e2a4840::34-0 tid:6320f67eba5e5f7d0f197c990dd0cbc7 - 'connected-synchronizer' is now in state Ok(). Previous state was Not Initialized.
2026-02-03 18:52:51,367 [canton-env-ec-48] INFO  c.d.c.h.MutableHealthComponent:participant=participant1 tid:6320f67eba5e5f7d0f197c990dd0cbc7 - 'connected-synchronizer' is now in state Ok(). Previous state was Not Initialized.
2026-02-03 18:52:51,368 [canton-env-ec-48] INFO  c.d.c.h.MutableHealthComponent:participant=participant1 tid:6320f67eba5e5f7d0f197c990dd0cbc7 - 'connected-synchronizer' is now in state Ok(). Previous state was Not Initialized.
2026-02-03 18:52:51,368 [canton-env-ec-48] INFO  c.d.c.p.s.SynchronizerConnectionsManager:participant=participant1 tid:6320f67eba5e5f7d0f197c990dd0cbc7 - Connected to synchronizer and starting synchronisation: Synchronizer 'mydomain'
2026-02-03 18:52:51,370 [canton-env-ec-41] INFO  c.d.c.p.s.ConnectedSynchronizer:participant=participant1/psid=mydomain::12202e2a4840::34-0 tid:6320f67eba5e5f7d0f197c990dd0cbc7 - The next repair counter would be 0
2026-02-03 18:52:51,372 [canton-env-ec-47] INFO  c.d.c.p.s.ConnectedSynchronizer:participant=participant1/psid=mydomain::12202e2a4840::34-0 tid:6320f67eba5e5f7d0f197c990dd0cbc7 - Looking for ACS changes to replay between 0001-01-01T00:00:00Z and TimeOfChange(timestamp = 0001-01-01T00:00:00Z, counter = Some(0)) in batches of 100
2026-02-03 18:52:51,375 [canton-env-ec-39] INFO  c.d.c.p.s.ConnectedSynchronizer:participant=participant1/psid=mydomain::12202e2a4840::34-0 tid:6320f67eba5e5f7d0f197c990dd0cbc7 - Replaying 0 ACS changes between TimeOfChange(timestamp = 0001-01-01T00:00:00Z) (exclusive) and TimeOfChange(timestamp = 0001-01-01T00:00:00Z, counter = Some(0)) to the commitment processor
2026-02-03 18:52:51,376 [canton-env-ec-39] INFO  c.d.c.s.c.RichSequencerClientImpl:participant=participant1/psid=mydomain::12202e2a4840::34-0 tid:6320f67eba5e5f7d0f197c990dd0cbc7 - No event found up to 0001-01-01T00:00:00Z. Resubscribing from the beginning.
2026-02-03 18:52:51,376 [canton-env-ec-39] INFO  c.d.c.s.c.RichSequencerClientImpl:participant=participant1/psid=mydomain::12202e2a4840::34-0 tid:6320f67eba5e5f7d0f197c990dd0cbc7 - Processing events from the SequencedEventStore from 0001-01-01T00:00:00.000001Z on
2026-02-03 18:52:51,377 [canton-env-ec-44] INFO  c.d.c.s.SequencerSubscriptionX:participant=participant1/psid=mydomain::12202e2a4840::34-0/connection=sequencer-connection-sequencer1-0 tid:6320f67eba5e5f7d0f197c990dd0cbc7 - Starting subscription at the beginning
2026-02-03 18:52:51,378 [canton-env-ec-44] INFO  c.d.c.s.SequencerSubscriptionX:participant=participant1/psid=mydomain::12202e2a4840::34-0/connection=sequencer-connection-sequencer1-0 tid:6320f67eba5e5f7d0f197c990dd0cbc7 - 'subscription-sequencer-connection-sequencer1-0' is now in state Ok(). Previous state was Failed().
2026-02-03 18:52:51,379 [canton-env-ec-44] INFO  c.d.c.s.SequencerSubscriptionPoolImpl:participant=participant1/psid=mydomain::12202e2a4840::34-0 tid:6320f67eba5e5f7d0f197c990dd0cbc7 - 'sequencer-subscription-pool' is now in state Ok(). Previous state was Not Initialized.
2026-02-03 18:52:51,379 [canton-env-ec-44] INFO  c.d.c.h.DelegatingMutableHealthComponent:participant=participant1/psid=mydomain::12202e2a4840::34-0 tid:6320f67eba5e5f7d0f197c990dd0cbc7 - 'sequencer-client' is now in state Ok(). Previous state was Not Initialized.
2026-02-03 18:52:51,379 [canton-env-ec-47] INFO  c.d.c.s.s.s.GrpcSequencerService:sequencer=sequencer1 tid:6320f67eba5e5f7d0f197c990dd0cbc7 - PAR::participant1::12206142f08a... subscribes from timestamp=None
2026-02-03 18:52:51,380 [canton-env-ec-44] INFO  c.d.c.h.MutableHealthComponent:participant=participant1 tid:6320f67eba5e5f7d0f197c990dd0cbc7 - 'sequencer-client' is now in state Ok(). Previous state was Not Initialized.
2026-02-03 18:52:51,380 [canton-env-ec-44] INFO  c.d.c.h.MutableHealthComponent:participant=participant1 tid:6320f67eba5e5f7d0f197c990dd0cbc7 - 'sequencer-client' is now in state Ok(). Previous state was Not Initialized.
2026-02-03 18:52:51,380 [canton-env-ec-47] INFO  c.d.c.s.s.LocalSequencerStateEventSignaller:sequencer=sequencer1/psid=mydomain::12202e2a4840::34-0 tid:6320f67eba5e5f7d0f197c990dd0cbc7 - Creating signal source for PAR::participant1::12206142f08a...
2026-02-03 18:52:51,381 [canton-env-ec-51] INFO  c.d.c.s.s.s.SubscriptionPool:sequencer=sequencer1 tid:6320f67eba5e5f7d0f197c990dd0cbc7 - Adding subscription for PAR::participant1::12206142f08a... to pool with 2 active
2026-02-03 18:52:51,383 [canton-env-ec-47] INFO  c.d.c.p.s.SyncEphemeralState:participant=participant1/psid=mydomain::12202e2a4840::34-0 tid:6320f67eba5e5f7d0f197c990dd0cbc7 - 'sync-ephemeral-state' is now in state Ok(). Previous state was Not Initialized.
2026-02-03 18:52:51,384 [canton-env-ec-47] INFO  c.d.c.h.MutableHealthComponent:participant=participant1 tid:6320f67eba5e5f7d0f197c990dd0cbc7 - 'sync-ephemeral-state' is now in state Ok(). Previous state was Not Initialized.
2026-02-03 18:52:51,384 [canton-env-ec-47] INFO  c.d.c.h.MutableHealthComponent:participant=participant1 tid:6320f67eba5e5f7d0f197c990dd0cbc7 - 'sync-ephemeral-state' is now in state Ok(). Previous state was Not Initialized.
2026-02-03 18:52:51,385 [canton-env-ec-49] INFO  c.d.c.s.c.SequencedEventValidatorImpl:participant=participant1/psid=mydomain::12202e2a4840::34-0/connection=sequencer-connection-sequencer1-0 tid:507b7d5750b09db2169532a046688c9c - Skipping signature verification of the first sequenced event due to a fresh subscription from SEQ::sequencer1::1220bb98b567...
2026-02-03 18:52:51,385 [canton-env-ec-38] INFO  c.d.c.s.SubscriptionHandlerX:participant=participant1/psid=mydomain::12202e2a4840::34-0/connection=sequencer-connection-sequencer1-0 tid:507b7d5750b09db2169532a046688c9c - Caught up with sequencer on batch with timestamp = 2026-02-03T18:52:50.932102Z; delta = PT0.45381S (threshold = PT2562047788015215H30M7.999999999S)
2026-02-03 18:52:51,387 [canton-env-ec-46] INFO  c.d.c.p.s.ConnectedSynchronizer:participant=participant1/psid=mydomain::12202e2a4840::34-0 tid:507b7d5750b09db2169532a046688c9c - Caught up with sequencer on batch with timestamp = 2026-02-03T18:52:50.932102Z; delta = PT0.45544S (threshold = PT20S)
2026-02-03 18:52:51,387 [canton-env-ec-46] INFO  c.d.c.p.s.ConnectedSynchronizer$EventProcessingMonitor:participant=participant1/psid=mydomain::12202e2a4840::34-0 tid:507b7d5750b09db2169532a046688c9c - Replaying requests 0 up to clean request index -1
2026-02-03 18:52:51,387 [canton-env-ec-46] INFO  c.d.c.p.s.ConnectedSynchronizer$EventProcessingMonitor:participant=participant1/psid=mydomain::12202e2a4840::34-0 tid:507b7d5750b09db2169532a046688c9c - Replaying or processing locally stored events with sequencer counters 0 to -1
2026-02-03 18:52:51,392 [canton-env-ec-46] INFO  c.d.c.p.p.ParallelMessageDispatcher:participant=participant1/psid=mydomain::12202e2a4840::34-0 tid:507b7d5750b09db2169532a046688c9c - Processing event at sc=0, ts=2026-02-03T18:52:50.932102Z, with contents=TopologyTransactionsBroadcast
2026-02-03 18:52:51,417 [input-mapping-pool-0] INFO  c.d.c.p.i.p.ParallelIndexerSubscription:participant=participant1 - Storing at offset=1 TopologyTransactionEffective(
  effectiveTime = 2026-02-03T18:52:49.943925Z,
  synchronizerId = mydomain::12202e2a4840...,
  updateId = 1220172b3103c67de46080599847047c8f60a72e511d1eecb753d004d2de6ff2311b,
  ...
)
2026-02-03 18:52:51,417 [input-mapping-pool-1] INFO  c.d.c.p.i.p.ParallelIndexerSubscription:participant=participant1 tid:507b7d5750b09db2169532a046688c9c - Storing at offset=2 SequencerIndexMoved(synchronizerId = mydomain::12202e2a4840..., sequencerTimestamp = 2026-02-03T18:52:50.932102Z)
2026-02-03 18:52:51,529 [canton-env-ec-45] INFO  c.d.c.p.s.m.InMemoryPhysicalSyncPersistentState$$anon$1:participant=participant1/psid=mydomain::12202e2a4840::34-0 tid:6320f67eba5e5f7d0f197c990dd0cbc7 - Attempting to build, sign, and Replace VettedPackages(
  participantId = PAR::participant1::12206142f08a...,
  packages = Seq(
    VettedPackage(packageId = 6f8e6085f576..., unbounded),
    VettedPackage(packageId = 60c61c542207..., unbounded),
    VettedPackage(packageId = a1fa18133ae4..., unbounded),
    VettedPackage(packageId = cae345b5500e..., unbounded),
    VettedPackage(packageId = c3bb0c5d0479..., unbounded),
    VettedPackage(packageId = fcee8dfc1b81..., unbounded),
    VettedPackage(packageId = c280cc3ef501..., unbounded),
    VettedPackage(packageId = 9e70a8b3510d..., unbounded),
    VettedPackage(packageId = 91e167fa7a25..., unbounded),
    VettedPackage(packageId = b70db8369e1c..., unbounded),
    VettedPackage(packageId = f181cd661f7a..., unbounded),
    VettedPackage(packageId = bde4bd30749e..., unbounded),
    VettedPackage(packageId = 19f0df5fdaf5..., unbounded),
    VettedPackage(packageId = ab068e2f920d..., unbounded),
    VettedPackage(packageId = 86d888f34152..., unbounded),
    VettedPackage(packageId = de2cc2f90eb5..., unbounded),
    VettedPackage(packageId = 99ea07e101ed..., unbounded),
    VettedPackage(packageId = 5aee9b21b8e9..., unbounded),
    VettedPackage(packageId = bfda48f9aa2c..., unbounded),
    VettedPackage(packageId = 52854220dc19..., unbounded),
    VettedPackage(packageId = fa79192fe1cc..., unbounded),
    VettedPackage(packageId = 6da1f43a10a1..., unbounded),
    VettedPackage(packageId = 590736e6f7bc..., unbounded),
    VettedPackage(packageId = 0e4a572ab1fb..., unbounded),
    VettedPackage(packageId = d095a2ccf6dd..., unbounded),
    VettedPackage(packageId = ee33fb70918e..., unbounded),
    VettedPackage(packageId = e7e0adfa881e..., unbounded),
    VettedPackage(packageId = 7adc4c2d07fa..., unbounded),
    VettedPackage(packageId = 3cde94fe9be5..., unbounded),
    VettedPackage(packageId = e5411f3d75f0..., unbounded)
  )
) with serial Some(1) 
2026-02-03 18:52:51,536 [canton-env-ec-37] INFO  c.d.c.p.a.s.a.PackageUpgradeValidator:participant=participant1 tid:6320f67eba5e5f7d0f197c990dd0cbc7 - Typechecking upgrades for lineage of package-name daml-prim-GHC-Types.
2026-02-03 18:52:51,538 [canton-env-ec-37] INFO  c.d.c.p.a.s.a.PackageUpgradeValidator:participant=participant1 tid:6320f67eba5e5f7d0f197c990dd0cbc7 - Typechecking upgrades for lineage of package-name daml-prim-GHC-Types succeeded.
2026-02-03 18:52:51,539 [canton-env-ec-37] INFO  c.d.c.p.a.s.a.PackageUpgradeValidator:participant=participant1 tid:6320f67eba5e5f7d0f197c990dd0cbc7 - Typechecking upgrades for lineage of package-name daml-prim-DA-Exception-ArithmeticError.
2026-02-03 18:52:51,539 [canton-env-ec-37] INFO  c.d.c.p.a.s.a.PackageUpgradeValidator:participant=participant1 tid:6320f67eba5e5f7d0f197c990dd0cbc7 - Typechecking upgrades for lineage of package-name daml-prim-DA-Exception-ArithmeticError succeeded.
2026-02-03 18:52:51,539 [canton-env-ec-37] INFO  c.d.c.p.a.s.a.PackageUpgradeValidator:participant=participant1 tid:6320f67eba5e5f7d0f197c990dd0cbc7 - Typechecking upgrades for lineage of package-name daml-prim-DA-Internal-PromotedText.
2026-02-03 18:52:51,539 [canton-env-ec-37] INFO  c.d.c.p.a.s.a.PackageUpgradeValidator:participant=participant1 tid:6320f67eba5e5f7d0f197c990dd0cbc7 - Typechecking upgrades for lineage of package-name daml-prim-DA-Internal-PromotedText succeeded.
2026-02-03 18:52:51,539 [canton-env-ec-37] INFO  c.d.c.p.a.s.a.PackageUpgradeValidator:participant=participant1 tid:6320f67eba5e5f7d0f197c990dd0cbc7 - Typechecking upgrades for lineage of package-name daml-prim-DA-Exception-GeneralError.
2026-02-03 18:52:51,539 [canton-env-ec-37] INFO  c.d.c.p.a.s.a.PackageUpgradeValidator:participant=participant1 tid:6320f67eba5e5f7d0f197c990dd0cbc7 - Typechecking upgrades for lineage of package-name daml-prim-DA-Exception-GeneralError succeeded.
2026-02-03 18:52:51,539 [canton-env-ec-37] INFO  c.d.c.p.a.s.a.PackageUpgradeValidator:participant=participant1 tid:6320f67eba5e5f7d0f197c990dd0cbc7 - Typechecking upgrades for lineage of package-name daml-prim-DA-Types.
2026-02-03 18:52:51,540 [canton-env-ec-37] INFO  c.d.c.p.a.s.a.PackageUpgradeValidator:participant=participant1 tid:6320f67eba5e5f7d0f197c990dd0cbc7 - Typechecking upgrades for lineage of package-name daml-prim-DA-Types succeeded.
2026-02-03 18:52:51,540 [canton-env-ec-37] INFO  c.d.c.p.a.s.a.PackageUpgradeValidator:participant=participant1 tid:6320f67eba5e5f7d0f197c990dd0cbc7 - Typechecking upgrades for lineage of package-name daml-prim-DA-Internal-Erased.
2026-02-03 18:52:51,540 [canton-env-ec-37] INFO  c.d.c.p.a.s.a.PackageUpgradeValidator:participant=participant1 tid:6320f67eba5e5f7d0f197c990dd0cbc7 - Typechecking upgrades for lineage of package-name daml-prim-DA-Internal-Erased succeeded.
2026-02-03 18:52:51,540 [canton-env-ec-37] INFO  c.d.c.p.a.s.a.PackageUpgradeValidator:participant=participant1 tid:6320f67eba5e5f7d0f197c990dd0cbc7 - Typechecking upgrades for lineage of package-name daml-prim-GHC-Prim.
2026-02-03 18:52:51,540 [canton-env-ec-37] INFO  c.d.c.p.a.s.a.PackageUpgradeValidator:participant=participant1 tid:6320f67eba5e5f7d0f197c990dd0cbc7 - Typechecking upgrades for lineage of package-name daml-prim-GHC-Prim succeeded.
2026-02-03 18:52:51,540 [canton-env-ec-37] INFO  c.d.c.p.a.s.a.PackageUpgradeValidator:participant=participant1 tid:6320f67eba5e5f7d0f197c990dd0cbc7 - Typechecking upgrades for lineage of package-name daml-prim.
2026-02-03 18:52:51,540 [canton-env-ec-37] INFO  c.d.c.p.a.s.a.PackageUpgradeValidator:participant=participant1 tid:6320f67eba5e5f7d0f197c990dd0cbc7 - Typechecking upgrades for lineage of package-name daml-prim succeeded.
2026-02-03 18:52:51,541 [canton-env-ec-37] INFO  c.d.c.p.a.s.a.PackageUpgradeValidator:participant=participant1 tid:6320f67eba5e5f7d0f197c990dd0cbc7 - Typechecking upgrades for lineage of package-name daml-stdlib-DA-Date-Types.
2026-02-03 18:52:51,541 [canton-env-ec-37] INFO  c.d.c.p.a.s.a.PackageUpgradeValidator:participant=participant1 tid:6320f67eba5e5f7d0f197c990dd0cbc7 - Typechecking upgrades for lineage of package-name daml-stdlib-DA-Date-Types succeeded.
2026-02-03 18:52:51,541 [canton-env-ec-37] INFO  c.d.c.p.a.s.a.PackageUpgradeValidator:participant=participant1 tid:6320f67eba5e5f7d0f197c990dd0cbc7 - Typechecking upgrades for lineage of package-name daml-stdlib-DA-Time-Types.
2026-02-03 18:52:51,541 [canton-env-ec-37] INFO  c.d.c.p.a.s.a.PackageUpgradeValidator:participant=participant1 tid:6320f67eba5e5f7d0f197c990dd0cbc7 - Typechecking upgrades for lineage of package-name daml-stdlib-DA-Time-Types succeeded.
2026-02-03 18:52:51,541 [canton-env-ec-37] INFO  c.d.c.p.a.s.a.PackageUpgradeValidator:participant=participant1 tid:6320f67eba5e5f7d0f197c990dd0cbc7 - Typechecking upgrades for lineage of package-name daml-stdlib-DA-NonEmpty-Types.
2026-02-03 18:52:51,541 [canton-env-ec-37] INFO  c.d.c.p.a.s.a.PackageUpgradeValidator:participant=participant1 tid:6320f67eba5e5f7d0f197c990dd0cbc7 - Typechecking upgrades for lineage of package-name daml-stdlib-DA-NonEmpty-Types succeeded.
2026-02-03 18:52:51,541 [canton-env-ec-37] INFO  c.d.c.p.a.s.a.PackageUpgradeValidator:participant=participant1 tid:6320f67eba5e5f7d0f197c990dd0cbc7 - Typechecking upgrades for lineage of package-name daml-stdlib-DA-Stack-Types.
2026-02-03 18:52:51,542 [canton-env-ec-37] INFO  c.d.c.p.a.s.a.PackageUpgradeValidator:participant=participant1 tid:6320f67eba5e5f7d0f197c990dd0cbc7 - Typechecking upgrades for lineage of package-name daml-stdlib-DA-Stack-Types succeeded.
2026-02-03 18:52:51,542 [canton-env-ec-37] INFO  c.d.c.p.a.s.a.PackageUpgradeValidator:participant=participant1 tid:6320f67eba5e5f7d0f197c990dd0cbc7 - Typechecking upgrades for lineage of package-name daml-stdlib-DA-Monoid-Types.
2026-02-03 18:52:51,542 [canton-env-ec-37] INFO  c.d.c.p.a.s.a.PackageUpgradeValidator:participant=participant1 tid:6320f67eba5e5f7d0f197c990dd0cbc7 - Typechecking upgrades for lineage of package-name daml-stdlib-DA-Monoid-Types succeeded.
2026-02-03 18:52:51,542 [canton-env-ec-37] INFO  c.d.c.p.a.s.a.PackageUpgradeValidator:participant=participant1 tid:6320f67eba5e5f7d0f197c990dd0cbc7 - Typechecking upgrades for lineage of package-name daml-stdlib-DA-Internal-Interface-AnyView-Types.
2026-02-03 18:52:51,542 [canton-env-ec-37] INFO  c.d.c.p.a.s.a.PackageUpgradeValidator:participant=participant1 tid:6320f67eba5e5f7d0f197c990dd0cbc7 - Typechecking upgrades for lineage of package-name daml-stdlib-DA-Internal-Interface-AnyView-Types succeeded.
2026-02-03 18:52:51,542 [canton-env-ec-37] INFO  c.d.c.p.a.s.a.PackageUpgradeValidator:participant=participant1 tid:6320f67eba5e5f7d0f197c990dd0cbc7 - Typechecking upgrades for lineage of package-name ghc-stdlib-DA-Internal-Template.
2026-02-03 18:52:51,542 [canton-env-ec-37] INFO  c.d.c.p.a.s.a.PackageUpgradeValidator:participant=participant1 tid:6320f67eba5e5f7d0f197c990dd0cbc7 - Typechecking upgrades for lineage of package-name ghc-stdlib-DA-Internal-Template succeeded.
2026-02-03 18:52:51,542 [canton-env-ec-37] INFO  c.d.c.p.a.s.a.PackageUpgradeValidator:participant=participant1 tid:6320f67eba5e5f7d0f197c990dd0cbc7 - Typechecking upgrades for lineage of package-name daml-prim-DA-Exception-PreconditionFailed.
2026-02-03 18:52:51,542 [canton-env-ec-37] INFO  c.d.c.p.a.s.a.PackageUpgradeValidator:participant=participant1 tid:6320f67eba5e5f7d0f197c990dd0cbc7 - Typechecking upgrades for lineage of package-name daml-prim-DA-Exception-PreconditionFailed succeeded.
2026-02-03 18:52:51,542 [canton-env-ec-37] INFO  c.d.c.p.a.s.a.PackageUpgradeValidator:participant=participant1 tid:6320f67eba5e5f7d0f197c990dd0cbc7 - Typechecking upgrades for lineage of package-name daml-stdlib-DA-Semigroup-Types.
2026-02-03 18:52:51,543 [canton-env-ec-37] INFO  c.d.c.p.a.s.a.PackageUpgradeValidator:participant=participant1 tid:6320f67eba5e5f7d0f197c990dd0cbc7 - Typechecking upgrades for lineage of package-name daml-stdlib-DA-Semigroup-Types succeeded.
2026-02-03 18:52:51,543 [canton-env-ec-37] INFO  c.d.c.p.a.s.a.PackageUpgradeValidator:participant=participant1 tid:6320f67eba5e5f7d0f197c990dd0cbc7 - Typechecking upgrades for lineage of package-name daml-stdlib-DA-Logic-Types.
2026-02-03 18:52:51,543 [canton-env-ec-37] INFO  c.d.c.p.a.s.a.PackageUpgradeValidator:participant=participant1 tid:6320f67eba5e5f7d0f197c990dd0cbc7 - Typechecking upgrades for lineage of package-name daml-stdlib-DA-Logic-Types succeeded.
2026-02-03 18:52:51,543 [canton-env-ec-37] INFO  c.d.c.p.a.s.a.PackageUpgradeValidator:participant=participant1 tid:6320f67eba5e5f7d0f197c990dd0cbc7 - Typechecking upgrades for lineage of package-name daml-stdlib-DA-Set-Types.
2026-02-03 18:52:51,543 [canton-env-ec-37] INFO  c.d.c.p.a.s.a.PackageUpgradeValidator:participant=participant1 tid:6320f67eba5e5f7d0f197c990dd0cbc7 - Typechecking upgrades for lineage of package-name daml-stdlib-DA-Set-Types succeeded.
2026-02-03 18:52:51,543 [canton-env-ec-37] INFO  c.d.c.p.a.s.a.PackageUpgradeValidator:participant=participant1 tid:6320f67eba5e5f7d0f197c990dd0cbc7 - Typechecking upgrades for lineage of package-name daml-stdlib-DA-Internal-Down.
2026-02-03 18:52:51,543 [canton-env-ec-37] INFO  c.d.c.p.a.s.a.PackageUpgradeValidator:participant=participant1 tid:6320f67eba5e5f7d0f197c990dd0cbc7 - Typechecking upgrades for lineage of package-name daml-stdlib-DA-Internal-Down succeeded.
2026-02-03 18:52:51,543 [canton-env-ec-37] INFO  c.d.c.p.a.s.a.PackageUpgradeValidator:participant=participant1 tid:6320f67eba5e5f7d0f197c990dd0cbc7 - Typechecking upgrades for lineage of package-name daml-prim-DA-Exception-AssertionFailed.
2026-02-03 18:52:51,543 [canton-env-ec-37] INFO  c.d.c.p.a.s.a.PackageUpgradeValidator:participant=participant1 tid:6320f67eba5e5f7d0f197c990dd0cbc7 - Typechecking upgrades for lineage of package-name daml-prim-DA-Exception-AssertionFailed succeeded.
2026-02-03 18:52:51,544 [canton-env-ec-37] INFO  c.d.c.p.a.s.a.PackageUpgradeValidator:participant=participant1 tid:6320f67eba5e5f7d0f197c990dd0cbc7 - Typechecking upgrades for lineage of package-name daml-stdlib-DA-Action-State-Type.
2026-02-03 18:52:51,544 [canton-env-ec-37] INFO  c.d.c.p.a.s.a.PackageUpgradeValidator:participant=participant1 tid:6320f67eba5e5f7d0f197c990dd0cbc7 - Typechecking upgrades for lineage of package-name daml-stdlib-DA-Action-State-Type succeeded.
2026-02-03 18:52:51,544 [canton-env-ec-37] INFO  c.d.c.p.a.s.a.PackageUpgradeValidator:participant=participant1 tid:6320f67eba5e5f7d0f197c990dd0cbc7 - Typechecking upgrades for lineage of package-name ghc-stdlib-DA-Internal-Any.
2026-02-03 18:52:51,544 [canton-env-ec-37] INFO  c.d.c.p.a.s.a.PackageUpgradeValidator:participant=participant1 tid:6320f67eba5e5f7d0f197c990dd0cbc7 - Typechecking upgrades for lineage of package-name ghc-stdlib-DA-Internal-Any succeeded.
2026-02-03 18:52:51,544 [canton-env-ec-37] INFO  c.d.c.p.a.s.a.PackageUpgradeValidator:participant=participant1 tid:6320f67eba5e5f7d0f197c990dd0cbc7 - Typechecking upgrades for lineage of package-name daml-stdlib-DA-Internal-Fail-Types.
2026-02-03 18:52:51,544 [canton-env-ec-37] INFO  c.d.c.p.a.s.a.PackageUpgradeValidator:participant=participant1 tid:6320f67eba5e5f7d0f197c990dd0cbc7 - Typechecking upgrades for lineage of package-name daml-stdlib-DA-Internal-Fail-Types succeeded.
2026-02-03 18:52:51,544 [canton-env-ec-37] INFO  c.d.c.p.a.s.a.PackageUpgradeValidator:participant=participant1 tid:6320f67eba5e5f7d0f197c990dd0cbc7 - Typechecking upgrades for lineage of package-name daml-stdlib-DA-Random-Types.
2026-02-03 18:52:51,544 [canton-env-ec-37] INFO  c.d.c.p.a.s.a.PackageUpgradeValidator:participant=participant1 tid:6320f67eba5e5f7d0f197c990dd0cbc7 - Typechecking upgrades for lineage of package-name daml-stdlib-DA-Random-Types succeeded.
2026-02-03 18:52:51,545 [canton-env-ec-37] INFO  c.d.c.p.a.s.a.PackageUpgradeValidator:participant=participant1 tid:6320f67eba5e5f7d0f197c990dd0cbc7 - Typechecking upgrades for lineage of package-name daml-stdlib-DA-Validation-Types.
2026-02-03 18:52:51,545 [canton-env-ec-37] INFO  c.d.c.p.a.s.a.PackageUpgradeValidator:participant=participant1 tid:6320f67eba5e5f7d0f197c990dd0cbc7 - Typechecking upgrades for lineage of package-name daml-stdlib-DA-Validation-Types succeeded.
2026-02-03 18:52:51,545 [canton-env-ec-37] INFO  c.d.c.p.a.s.a.PackageUpgradeValidator:participant=participant1 tid:6320f67eba5e5f7d0f197c990dd0cbc7 - Typechecking upgrades for lineage of package-name daml-stdlib.
2026-02-03 18:52:51,545 [canton-env-ec-37] INFO  c.d.c.p.a.s.a.PackageUpgradeValidator:participant=participant1 tid:6320f67eba5e5f7d0f197c990dd0cbc7 - Typechecking upgrades for lineage of package-name daml-stdlib succeeded.
2026-02-03 18:52:51,545 [canton-env-ec-37] INFO  c.d.c.p.a.s.a.PackageUpgradeValidator:participant=participant1 tid:6320f67eba5e5f7d0f197c990dd0cbc7 - Typechecking upgrades for lineage of package-name daml-prim-DA-Internal-NatSyn.
2026-02-03 18:52:51,545 [canton-env-ec-37] INFO  c.d.c.p.a.s.a.PackageUpgradeValidator:participant=participant1 tid:6320f67eba5e5f7d0f197c990dd0cbc7 - Typechecking upgrades for lineage of package-name daml-prim-DA-Internal-NatSyn succeeded.
2026-02-03 18:52:51,545 [canton-env-ec-37] INFO  c.d.c.p.a.s.a.PackageUpgradeValidator:participant=participant1 tid:6320f67eba5e5f7d0f197c990dd0cbc7 - Typechecking upgrades for lineage of package-name daml-prim-GHC-Tuple.
2026-02-03 18:52:51,546 [canton-env-ec-37] INFO  c.d.c.p.a.s.a.PackageUpgradeValidator:participant=participant1 tid:6320f67eba5e5f7d0f197c990dd0cbc7 - Typechecking upgrades for lineage of package-name daml-prim-GHC-Tuple succeeded.
2026-02-03 18:52:51,546 [canton-env-ec-37] INFO  c.d.c.p.a.s.a.PackageUpgradeValidator:participant=participant1 tid:6320f67eba5e5f7d0f197c990dd0cbc7 - Typechecking upgrades for lineage of package-name canton-builtin-admin-workflow-ping.
2026-02-03 18:52:51,546 [canton-env-ec-37] INFO  c.d.c.p.a.s.a.PackageUpgradeValidator:participant=participant1 tid:6320f67eba5e5f7d0f197c990dd0cbc7 - Typechecking upgrades for lineage of package-name canton-builtin-admin-workflow-ping succeeded.
2026-02-03 18:52:51,549 [canton-env-ec-48] INFO  c.d.c.t.TopologyStateProcessor:participant=participant1/psid=mydomain::12202e2a4840::34-0 tid:6320f67eba5e5f7d0f197c990dd0cbc7 - Enqueuing topology transaction 1/1 TxHash(SHA-256:4a7968763c29...) with ts=EffectiveTime(2026-02-03T18:52:49.943926Z), signedBy=Set(12206142f08a...)
2026-02-03 18:52:51,550 [canton-env-ec-48] INFO  c.d.c.t.TopologyStateProcessor:participant=participant1/psid=mydomain::12202e2a4840::34-0 tid:6320f67eba5e5f7d0f197c990dd0cbc7 - Enqueued topology transactions:
ValidatedTopologyTransaction(
  SignedTopologyTransaction(
    TopologyTransaction(
      VettedPackages(
        participantId = PAR::participant1::12206142f08a...,
        packages = Seq(
          VettedPackage(packageId = 6f8e6085f576..., unbounded),
          VettedPackage(packageId = 60c61c542207..., unbounded),
          VettedPackage(packageId = a1fa18133ae4..., unbounded),
          VettedPackage(packageId = cae345b5500e..., unbounded),
          VettedPackage(packageId = c3bb0c5d0479..., unbounded),
          VettedPackage(packageId = fcee8dfc1b81..., unbounded),
          VettedPackage(packageId = c280cc3ef501..., unbounded),
          VettedPackage(packageId = 9e70a8b3510d..., unbounded),
          VettedPackage(packageId = 91e167fa7a25..., unbounded),
          VettedPackage(packageId = b70db8369e1c..., unbounded),
          VettedPackage(packageId = f181cd661f7a..., unbounded),
          VettedPackage(packageId = bde4bd30749e..., unbounded),
          VettedPackage(packageId = 19f0df5fdaf5..., unbounded),
          VettedPackage(packageId = ab068e2f920d..., unbounded),
          VettedPackage(packageId = 86d888f34152..., unbounded),
          VettedPackage(packageId = de2cc2f90eb5..., unbounded),
          VettedPackage(packageId = 99ea07e101ed..., unbounded),
          VettedPackage(packageId = 5aee9b21b8e9..., unbounded),
          VettedPackage(packageId = bfda48f9aa2c..., unbounded),
          VettedPackage(packageId = 52854220dc19..., unbounded),
          VettedPackage(packageId = fa79192fe1cc..., unbounded),
          VettedPackage(packageId = 6da1f43a10a1..., unbounded),
          VettedPackage(packageId = 590736e6f7bc..., unbounded),
          VettedPackage(packageId = 0e4a572ab1fb..., unbounded),
          VettedPackage(packageId = d095a2ccf6dd..., unbounded),
          VettedPackage(packageId = ee33fb70918e..., unbounded),
          VettedPackage(packageId = e7e0adfa881e..., unbounded),
          VettedPackage(packageId = 7adc4c2d07fa..., unbounded),
          VettedPackage(packageId = 3cde94fe9be5..., unbounded),
          VettedPackage(packageId = e5411f3d75f0..., unbounded)
        )
      ),
      serial = 1,
      operation = Replace,
      hash = SHA-256:4a7968763c29...
    ),
    signatures = 12206142f08a...
  )
)
2026-02-03 18:52:51,559 [canton-env-ec-49] INFO  c.d.c.s.s.s.GrpcSequencerService:sequencer=sequencer1 tid:adfe67415ca1b1b87dbc45c4f9ae53c8 - 'PAR::participant1::12206142f08a...' sends request with id '4a1407d1-a29e-46e9-a51e-51ac6f32c503' of size 1810 bytes with 1 envelopes.
2026-02-03 18:52:51,609 [canton-env-ec-51] INFO  c.d.c.s.b.u.BlockChunkProcessor:sequencer=sequencer1/psid=mydomain::12202e2a4840::34-0 tid:0002790639250394a4524f3f2c124f97 - Processing block 2, data chunk 0. Last chunk timestamp=2026-02-03T18:52:50.932102Z, last sequencer event timestamp=Some(2026-02-03T18:52:50.932102Z). 1 events:
  Send of '4a1407d1-a29e-46e9-a51e-51ac6f32c503' at 2026-02-03T18:52:51.565710Z (tc=adfe67415ca1b1b87dbc45c4f9ae53c8)
2026-02-03 18:52:51,622 [canton-env-ec-45] INFO  c.d.c.p.p.ParallelMessageDispatcher:participant=participant1/psid=mydomain::12202e2a4840::34-0 tid:adfe67415ca1b1b87dbc45c4f9ae53c8 - Processing event at sc=1, ts=2026-02-03T18:52:51.565710Z, messageId=4a1407d1-a29e-46e9-a51e-51ac6f32c503, with contents=TopologyTransactionsBroadcast
2026-02-03 18:52:51,625 [canton-env-ec-48] INFO  c.d.c.t.TopologyStateProcessor:mediator=mediator1/psid=mydomain::12202e2a4840::34-0 tid:adfe67415ca1b1b87dbc45c4f9ae53c8 - Storing topology transaction 1/1 TxHash(SHA-256:4a7968763c29...) with ts=EffectiveTime(2026-02-03T18:52:51.815710Z), signedBy=Set(12206142f08a...)
2026-02-03 18:52:51,626 [canton-env-ec-39] INFO  c.d.c.t.TopologyStateProcessor:sequencer=sequencer1/psid=mydomain::12202e2a4840::34-0 tid:adfe67415ca1b1b87dbc45c4f9ae53c8 - Storing topology transaction 1/1 TxHash(SHA-256:4a7968763c29...) with ts=EffectiveTime(2026-02-03T18:52:51.815710Z), signedBy=Set(12206142f08a...)
2026-02-03 18:52:51,628 [canton-env-ec-39] INFO  c.d.c.t.TopologyStateProcessor:sequencer=sequencer1/psid=mydomain::12202e2a4840::34-0 tid:adfe67415ca1b1b87dbc45c4f9ae53c8 - Persisted topology transactions (SequencedTime(2026-02-03T18:52:51.565710Z), EffectiveTime(2026-02-03T18:52:51.815710Z)):
ValidatedTopologyTransaction(
  SignedTopologyTransaction(
    TopologyTransaction(
      VettedPackages(
        participantId = PAR::participant1::12206142f08a...,
        packages = Seq(
          VettedPackage(packageId = 6f8e6085f576..., unbounded),
          VettedPackage(packageId = 60c61c542207..., unbounded),
          VettedPackage(packageId = a1fa18133ae4..., unbounded),
          VettedPackage(packageId = cae345b5500e..., unbounded),
          VettedPackage(packageId = c3bb0c5d0479..., unbounded),
          VettedPackage(packageId = fcee8dfc1b81..., unbounded),
          VettedPackage(packageId = c280cc3ef501..., unbounded),
          VettedPackage(packageId = 9e70a8b3510d..., unbounded),
          VettedPackage(packageId = 91e167fa7a25..., unbounded),
          VettedPackage(packageId = b70db8369e1c..., unbounded),
          VettedPackage(packageId = f181cd661f7a..., unbounded),
          VettedPackage(packageId = bde4bd30749e..., unbounded),
          VettedPackage(packageId = 19f0df5fdaf5..., unbounded),
          VettedPackage(packageId = ab068e2f920d..., unbounded),
          VettedPackage(packageId = 86d888f34152..., unbounded),
          VettedPackage(packageId = de2cc2f90eb5..., unbounded),
          VettedPackage(packageId = 99ea07e101ed..., unbounded),
          VettedPackage(packageId = 5aee9b21b8e9..., unbounded),
          VettedPackage(packageId = bfda48f9aa2c..., unbounded),
          VettedPackage(packageId = 52854220dc19..., unbounded),
          VettedPackage(packageId = fa79192fe1cc..., unbounded),
          VettedPackage(packageId = 6da1f43a10a1..., unbounded),
          VettedPackage(packageId = 590736e6f7bc..., unbounded),
          VettedPackage(packageId = 0e4a572ab1fb..., unbounded),
          VettedPackage(packageId = d095a2ccf6dd..., unbounded),
          VettedPackage(packageId = ee33fb70918e..., unbounded),
          VettedPackage(packageId = e7e0adfa881e..., unbounded),
          VettedPackage(packageId = 7adc4c2d07fa..., unbounded),
          VettedPackage(packageId = 3cde94fe9be5..., unbounded),
          VettedPackage(packageId = e5411f3d75f0..., unbounded)
        )
      ),
      serial = 1,
      operation = Replace,
      hash = SHA-256:4a7968763c29...
    ),
    signatures = 12206142f08a...
  )
)
2026-02-03 18:52:51,628 [canton-env-ec-48] INFO  c.d.c.t.TopologyStateProcessor:mediator=mediator1/psid=mydomain::12202e2a4840::34-0 tid:adfe67415ca1b1b87dbc45c4f9ae53c8 - Persisted topology transactions (SequencedTime(2026-02-03T18:52:51.565710Z), EffectiveTime(2026-02-03T18:52:51.815710Z)):
ValidatedTopologyTransaction(
  SignedTopologyTransaction(
    TopologyTransaction(
      VettedPackages(
        participantId = PAR::participant1::12206142f08a...,
        packages = Seq(
          VettedPackage(packageId = 6f8e6085f576..., unbounded),
          VettedPackage(packageId = 60c61c542207..., unbounded),
          VettedPackage(packageId = a1fa18133ae4..., unbounded),
          VettedPackage(packageId = cae345b5500e..., unbounded),
          VettedPackage(packageId = c3bb0c5d0479..., unbounded),
          VettedPackage(packageId = fcee8dfc1b81..., unbounded),
          VettedPackage(packageId = c280cc3ef501..., unbounded),
          VettedPackage(packageId = 9e70a8b3510d..., unbounded),
          VettedPackage(packageId = 91e167fa7a25..., unbounded),
          VettedPackage(packageId = b70db8369e1c..., unbounded),
          VettedPackage(packageId = f181cd661f7a..., unbounded),
          VettedPackage(packageId = bde4bd30749e..., unbounded),
          VettedPackage(packageId = 19f0df5fdaf5..., unbounded),
          VettedPackage(packageId = ab068e2f920d..., unbounded),
          VettedPackage(packageId = 86d888f34152..., unbounded),
          VettedPackage(packageId = de2cc2f90eb5..., unbounded),
          VettedPackage(packageId = 99ea07e101ed..., unbounded),
          VettedPackage(packageId = 5aee9b21b8e9..., unbounded),
          VettedPackage(packageId = bfda48f9aa2c..., unbounded),
          VettedPackage(packageId = 52854220dc19..., unbounded),
          VettedPackage(packageId = fa79192fe1cc..., unbounded),
          VettedPackage(packageId = 6da1f43a10a1..., unbounded),
          VettedPackage(packageId = 590736e6f7bc..., unbounded),
          VettedPackage(packageId = 0e4a572ab1fb..., unbounded),
          VettedPackage(packageId = d095a2ccf6dd..., unbounded),
          VettedPackage(packageId = ee33fb70918e..., unbounded),
          VettedPackage(packageId = e7e0adfa881e..., unbounded),
          VettedPackage(packageId = 7adc4c2d07fa..., unbounded),
          VettedPackage(packageId = 3cde94fe9be5..., unbounded),
          VettedPackage(packageId = e5411f3d75f0..., unbounded)
        )
      ),
      serial = 1,
      operation = Replace,
      hash = SHA-256:4a7968763c29...
    ),
    signatures = 12206142f08a...
  )
)
2026-02-03 18:52:51,629 [canton-env-ec-48] INFO  c.d.c.t.TopologyStateProcessor:participant=participant1/psid=mydomain::12202e2a4840::34-0 tid:adfe67415ca1b1b87dbc45c4f9ae53c8 - Storing topology transaction 1/1 TxHash(SHA-256:4a7968763c29...) with ts=EffectiveTime(2026-02-03T18:52:51.815710Z), signedBy=Set(12206142f08a...)
2026-02-03 18:52:51,629 [canton-env-ec-49] INFO  c.d.c.t.TopologyStateProcessor:participant=participant1/psid=mydomain::12202e2a4840::34-0 tid:adfe67415ca1b1b87dbc45c4f9ae53c8 - Persisted topology transactions (SequencedTime(2026-02-03T18:52:51.565710Z), EffectiveTime(2026-02-03T18:52:51.815710Z)):
ValidatedTopologyTransaction(
  SignedTopologyTransaction(
    TopologyTransaction(
      VettedPackages(
        participantId = PAR::participant1::12206142f08a...,
        packages = Seq(
          VettedPackage(packageId = 6f8e6085f576..., unbounded),
          VettedPackage(packageId = 60c61c542207..., unbounded),
          VettedPackage(packageId = a1fa18133ae4..., unbounded),
          VettedPackage(packageId = cae345b5500e..., unbounded),
          VettedPackage(packageId = c3bb0c5d0479..., unbounded),
          VettedPackage(packageId = fcee8dfc1b81..., unbounded),
          VettedPackage(packageId = c280cc3ef501..., unbounded),
          VettedPackage(packageId = 9e70a8b3510d..., unbounded),
          VettedPackage(packageId = 91e167fa7a25..., unbounded),
          VettedPackage(packageId = b70db8369e1c..., unbounded),
          VettedPackage(packageId = f181cd661f7a..., unbounded),
          VettedPackage(packageId = bde4bd30749e..., unbounded),
          VettedPackage(packageId = 19f0df5fdaf5..., unbounded),
          VettedPackage(packageId = ab068e2f920d..., unbounded),
          VettedPackage(packageId = 86d888f34152..., unbounded),
          VettedPackage(packageId = de2cc2f90eb5..., unbounded),
          VettedPackage(packageId = 99ea07e101ed..., unbounded),
          VettedPackage(packageId = 5aee9b21b8e9..., unbounded),
          VettedPackage(packageId = bfda48f9aa2c..., unbounded),
          VettedPackage(packageId = 52854220dc19..., unbounded),
          VettedPackage(packageId = fa79192fe1cc..., unbounded),
          VettedPackage(packageId = 6da1f43a10a1..., unbounded),
          VettedPackage(packageId = 590736e6f7bc..., unbounded),
          VettedPackage(packageId = 0e4a572ab1fb..., unbounded),
          VettedPackage(packageId = d095a2ccf6dd..., unbounded),
          VettedPackage(packageId = ee33fb70918e..., unbounded),
          VettedPackage(packageId = e7e0adfa881e..., unbounded),
          VettedPackage(packageId = 7adc4c2d07fa..., unbounded),
          VettedPackage(packageId = 3cde94fe9be5..., unbounded),
          VettedPackage(packageId = e5411f3d75f0..., unbounded)
        )
      ),
      serial = 1,
      operation = Replace,
      hash = SHA-256:4a7968763c29...
    ),
    signatures = 12206142f08a...
  )
)
2026-02-03 18:52:51,636 [input-mapping-pool-2] INFO  c.d.c.p.i.p.ParallelIndexerSubscription:participant=participant1 tid:adfe67415ca1b1b87dbc45c4f9ae53c8 - Storing at offset=3 SequencerIndexMoved(synchronizerId = mydomain::12202e2a4840..., sequencerTimestamp = 2026-02-03T18:52:51.565710Z)
2026-02-03 18:52:52,572 [canton-env-ec-37] INFO  c.d.c.s.b.u.BlockChunkProcessor:sequencer=sequencer1/psid=mydomain::12202e2a4840::34-0 tid:e4c8d7bef2d63331fb943bb9f07f0ad3 - Processing block 3, data chunk 0. Last chunk timestamp=2026-02-03T18:52:51.565710Z, last sequencer event timestamp=Some(2026-02-03T18:52:51.565710Z). 1 events:
  Send of 'time-adv-2a2d53d4-35c2-4cbd-b526-2695acb533b8' at 2026-02-03T18:52:52.450906Z (tc=507b7d5750b09db2169532a046688c9c)
2026-02-03 18:52:52,591 [canton-env-ec-51] INFO  c.d.c.p.p.ParallelMessageDispatcher:participant=participant1/psid=mydomain::12202e2a4840::34-0 tid:507b7d5750b09db2169532a046688c9c - Processing event at sc=2, ts=2026-02-03T18:52:52.450906Z, with contents=TopologyTransactionsBroadcast
2026-02-03 18:52:52,593 [input-mapping-pool-3] INFO  c.d.c.p.i.p.ParallelIndexerSubscription:participant=participant1 tid:507b7d5750b09db2169532a046688c9c - Storing at offset=4 SequencerIndexMoved(synchronizerId = mydomain::12202e2a4840..., sequencerTimestamp = 2026-02-03T18:52:52.450906Z)
2026-02-03 18:52:52,642 [main] INFO  c.d.c.console.ConsoleEnvironment - Bootstrap: Connection command issued.
2026-02-03 18:52:52,646 [main] INFO  c.digitalasset.canton.ServerRunner - Bootstrap script successfully executed.
2026-02-03 18:52:57,668 [canton-env-ec-47] INFO  c.d.c.p.a.s.a.ApiPackageManagementService:participant=participant1 tid:20587bb7e8e4cb8e07e6e7f6438e0027 - Uploading DAR file, submissionId -> 'd3f4a137-b8f5-4b3b-8cf0-52477f12b3c8'.
2026-02-03 18:52:58,062 [canton-env-ec-39] INFO  c.d.c.p.s.m.InMemoryPhysicalSyncPersistentState$$anon$1:participant=participant1/psid=mydomain::12202e2a4840::34-0 tid:20587bb7e8e4cb8e07e6e7f6438e0027 - Attempting to build, sign, and Replace VettedPackages(
  participantId = PAR::participant1::12206142f08a...,
  packages = Seq(
    VettedPackage(packageId = 6f8e6085f576..., unbounded),
    VettedPackage(packageId = 60c61c542207..., unbounded),
    VettedPackage(packageId = a1fa18133ae4..., unbounded),
    VettedPackage(packageId = cae345b5500e..., unbounded),
    VettedPackage(packageId = c3bb0c5d0479..., unbounded),
    VettedPackage(packageId = fcee8dfc1b81..., unbounded),
    VettedPackage(packageId = c280cc3ef501..., unbounded),
    VettedPackage(packageId = 9e70a8b3510d..., unbounded),
    VettedPackage(packageId = 91e167fa7a25..., unbounded),
    VettedPackage(packageId = b70db8369e1c..., unbounded),
    VettedPackage(packageId = f181cd661f7a..., unbounded),
    VettedPackage(packageId = bde4bd30749e..., unbounded),
    VettedPackage(packageId = 19f0df5fdaf5..., unbounded),
    VettedPackage(packageId = ab068e2f920d..., unbounded),
    VettedPackage(packageId = 86d888f34152..., unbounded),
    VettedPackage(packageId = de2cc2f90eb5..., unbounded),
    VettedPackage(packageId = 99ea07e101ed..., unbounded),
    VettedPackage(packageId = 5aee9b21b8e9..., unbounded),
    VettedPackage(packageId = bfda48f9aa2c..., unbounded),
    VettedPackage(packageId = 52854220dc19..., unbounded),
    VettedPackage(packageId = fa79192fe1cc..., unbounded),
    VettedPackage(packageId = 6da1f43a10a1..., unbounded),
    VettedPackage(packageId = 590736e6f7bc..., unbounded),
    VettedPackage(packageId = 0e4a572ab1fb..., unbounded),
    VettedPackage(packageId = d095a2ccf6dd..., unbounded),
    VettedPackage(packageId = ee33fb70918e..., unbounded),
    VettedPackage(packageId = e7e0adfa881e..., unbounded),
    VettedPackage(packageId = 7adc4c2d07fa..., unbounded),
    VettedPackage(packageId = 3cde94fe9be5..., unbounded),
    VettedPackage(packageId = e5411f3d75f0..., unbounded),
    VettedPackage(packageId = 99e5d982e8a9..., unbounded),
    VettedPackage(packageId = 207e7302c522..., unbounded),
    VettedPackage(packageId = 08e57d514689..., unbounded)
  )
) with serial Some(2) 
2026-02-03 18:52:58,065 [canton-env-ec-46] INFO  c.d.c.p.a.s.a.PackageUpgradeValidator:participant=participant1 tid:20587bb7e8e4cb8e07e6e7f6438e0027 - Typechecking upgrades for lineage of package-name daml-prim-GHC-Types.
2026-02-03 18:52:58,065 [canton-env-ec-46] INFO  c.d.c.p.a.s.a.PackageUpgradeValidator:participant=participant1 tid:20587bb7e8e4cb8e07e6e7f6438e0027 - Typechecking upgrades for lineage of package-name daml-prim-GHC-Types succeeded.
2026-02-03 18:52:58,066 [canton-env-ec-46] INFO  c.d.c.p.a.s.a.PackageUpgradeValidator:participant=participant1 tid:20587bb7e8e4cb8e07e6e7f6438e0027 - Typechecking upgrades for lineage of package-name daml-prim-DA-Exception-ArithmeticError.
2026-02-03 18:52:58,066 [canton-env-ec-46] INFO  c.d.c.p.a.s.a.PackageUpgradeValidator:participant=participant1 tid:20587bb7e8e4cb8e07e6e7f6438e0027 - Typechecking upgrades for lineage of package-name daml-prim-DA-Exception-ArithmeticError succeeded.
2026-02-03 18:52:58,066 [canton-env-ec-46] INFO  c.d.c.p.a.s.a.PackageUpgradeValidator:participant=participant1 tid:20587bb7e8e4cb8e07e6e7f6438e0027 - Typechecking upgrades for lineage of package-name daml-prim-DA-Internal-PromotedText.
2026-02-03 18:52:58,066 [canton-env-ec-46] INFO  c.d.c.p.a.s.a.PackageUpgradeValidator:participant=participant1 tid:20587bb7e8e4cb8e07e6e7f6438e0027 - Typechecking upgrades for lineage of package-name daml-prim-DA-Internal-PromotedText succeeded.
2026-02-03 18:52:58,066 [canton-env-ec-46] INFO  c.d.c.p.a.s.a.PackageUpgradeValidator:participant=participant1 tid:20587bb7e8e4cb8e07e6e7f6438e0027 - Typechecking upgrades for lineage of package-name daml-prim-DA-Exception-GeneralError.
2026-02-03 18:52:58,066 [canton-env-ec-46] INFO  c.d.c.p.a.s.a.PackageUpgradeValidator:participant=participant1 tid:20587bb7e8e4cb8e07e6e7f6438e0027 - Typechecking upgrades for lineage of package-name daml-prim-DA-Exception-GeneralError succeeded.
2026-02-03 18:52:58,066 [canton-env-ec-46] INFO  c.d.c.p.a.s.a.PackageUpgradeValidator:participant=participant1 tid:20587bb7e8e4cb8e07e6e7f6438e0027 - Typechecking upgrades for lineage of package-name daml-prim-DA-Types.
2026-02-03 18:52:58,066 [canton-env-ec-46] INFO  c.d.c.p.a.s.a.PackageUpgradeValidator:participant=participant1 tid:20587bb7e8e4cb8e07e6e7f6438e0027 - Typechecking upgrades for lineage of package-name daml-prim-DA-Types succeeded.
2026-02-03 18:52:58,067 [canton-env-ec-46] INFO  c.d.c.p.a.s.a.PackageUpgradeValidator:participant=participant1 tid:20587bb7e8e4cb8e07e6e7f6438e0027 - Typechecking upgrades for lineage of package-name daml-prim-DA-Internal-Erased.
2026-02-03 18:52:58,067 [canton-env-ec-46] INFO  c.d.c.p.a.s.a.PackageUpgradeValidator:participant=participant1 tid:20587bb7e8e4cb8e07e6e7f6438e0027 - Typechecking upgrades for lineage of package-name daml-prim-DA-Internal-Erased succeeded.
2026-02-03 18:52:58,067 [canton-env-ec-46] INFO  c.d.c.p.a.s.a.PackageUpgradeValidator:participant=participant1 tid:20587bb7e8e4cb8e07e6e7f6438e0027 - Typechecking upgrades for lineage of package-name daml-prim-GHC-Prim.
2026-02-03 18:52:58,067 [canton-env-ec-46] INFO  c.d.c.p.a.s.a.PackageUpgradeValidator:participant=participant1 tid:20587bb7e8e4cb8e07e6e7f6438e0027 - Typechecking upgrades for lineage of package-name daml-prim-GHC-Prim succeeded.
2026-02-03 18:52:58,067 [canton-env-ec-46] INFO  c.d.c.p.a.s.a.PackageUpgradeValidator:participant=participant1 tid:20587bb7e8e4cb8e07e6e7f6438e0027 - Typechecking upgrades for lineage of package-name daml-prim.
2026-02-03 18:52:58,067 [canton-env-ec-46] INFO  c.d.c.p.a.s.a.PackageUpgradeValidator:participant=participant1 tid:20587bb7e8e4cb8e07e6e7f6438e0027 - Typechecking upgrades for lineage of package-name daml-prim succeeded.
2026-02-03 18:52:58,067 [canton-env-ec-46] INFO  c.d.c.p.a.s.a.PackageUpgradeValidator:participant=participant1 tid:20587bb7e8e4cb8e07e6e7f6438e0027 - Typechecking upgrades for lineage of package-name daml-stdlib-DA-Date-Types.
2026-02-03 18:52:58,067 [canton-env-ec-46] INFO  c.d.c.p.a.s.a.PackageUpgradeValidator:participant=participant1 tid:20587bb7e8e4cb8e07e6e7f6438e0027 - Typechecking upgrades for lineage of package-name daml-stdlib-DA-Date-Types succeeded.
2026-02-03 18:52:58,067 [canton-env-ec-46] INFO  c.d.c.p.a.s.a.PackageUpgradeValidator:participant=participant1 tid:20587bb7e8e4cb8e07e6e7f6438e0027 - Typechecking upgrades for lineage of package-name daml-stdlib-DA-Time-Types.
2026-02-03 18:52:58,068 [canton-env-ec-46] INFO  c.d.c.p.a.s.a.PackageUpgradeValidator:participant=participant1 tid:20587bb7e8e4cb8e07e6e7f6438e0027 - Typechecking upgrades for lineage of package-name daml-stdlib-DA-Time-Types succeeded.
2026-02-03 18:52:58,068 [canton-env-ec-46] INFO  c.d.c.p.a.s.a.PackageUpgradeValidator:participant=participant1 tid:20587bb7e8e4cb8e07e6e7f6438e0027 - Typechecking upgrades for lineage of package-name daml-stdlib-DA-NonEmpty-Types.
2026-02-03 18:52:58,068 [canton-env-ec-46] INFO  c.d.c.p.a.s.a.PackageUpgradeValidator:participant=participant1 tid:20587bb7e8e4cb8e07e6e7f6438e0027 - Typechecking upgrades for lineage of package-name daml-stdlib-DA-NonEmpty-Types succeeded.
2026-02-03 18:52:58,068 [canton-env-ec-46] INFO  c.d.c.p.a.s.a.PackageUpgradeValidator:participant=participant1 tid:20587bb7e8e4cb8e07e6e7f6438e0027 - Typechecking upgrades for lineage of package-name daml-stdlib-DA-Stack-Types.
2026-02-03 18:52:58,068 [canton-env-ec-46] INFO  c.d.c.p.a.s.a.PackageUpgradeValidator:participant=participant1 tid:20587bb7e8e4cb8e07e6e7f6438e0027 - Typechecking upgrades for lineage of package-name daml-stdlib-DA-Stack-Types succeeded.
2026-02-03 18:52:58,068 [canton-env-ec-46] INFO  c.d.c.p.a.s.a.PackageUpgradeValidator:participant=participant1 tid:20587bb7e8e4cb8e07e6e7f6438e0027 - Typechecking upgrades for lineage of package-name daml-stdlib-DA-Monoid-Types.
2026-02-03 18:52:58,068 [canton-env-ec-46] INFO  c.d.c.p.a.s.a.PackageUpgradeValidator:participant=participant1 tid:20587bb7e8e4cb8e07e6e7f6438e0027 - Typechecking upgrades for lineage of package-name daml-stdlib-DA-Monoid-Types succeeded.
2026-02-03 18:52:58,068 [canton-env-ec-46] INFO  c.d.c.p.a.s.a.PackageUpgradeValidator:participant=participant1 tid:20587bb7e8e4cb8e07e6e7f6438e0027 - Typechecking upgrades for lineage of package-name daml-stdlib-DA-Internal-Interface-AnyView-Types.
2026-02-03 18:52:58,068 [canton-env-ec-46] INFO  c.d.c.p.a.s.a.PackageUpgradeValidator:participant=participant1 tid:20587bb7e8e4cb8e07e6e7f6438e0027 - Typechecking upgrades for lineage of package-name daml-stdlib-DA-Internal-Interface-AnyView-Types succeeded.
2026-02-03 18:52:58,068 [canton-env-ec-46] INFO  c.d.c.p.a.s.a.PackageUpgradeValidator:participant=participant1 tid:20587bb7e8e4cb8e07e6e7f6438e0027 - Typechecking upgrades for lineage of package-name ghc-stdlib-DA-Internal-Template.
2026-02-03 18:52:58,068 [canton-env-ec-46] INFO  c.d.c.p.a.s.a.PackageUpgradeValidator:participant=participant1 tid:20587bb7e8e4cb8e07e6e7f6438e0027 - Typechecking upgrades for lineage of package-name ghc-stdlib-DA-Internal-Template succeeded.
2026-02-03 18:52:58,069 [canton-env-ec-46] INFO  c.d.c.p.a.s.a.PackageUpgradeValidator:participant=participant1 tid:20587bb7e8e4cb8e07e6e7f6438e0027 - Typechecking upgrades for lineage of package-name daml-prim-DA-Exception-PreconditionFailed.
2026-02-03 18:52:58,069 [canton-env-ec-46] INFO  c.d.c.p.a.s.a.PackageUpgradeValidator:participant=participant1 tid:20587bb7e8e4cb8e07e6e7f6438e0027 - Typechecking upgrades for lineage of package-name daml-prim-DA-Exception-PreconditionFailed succeeded.
2026-02-03 18:52:58,069 [canton-env-ec-46] INFO  c.d.c.p.a.s.a.PackageUpgradeValidator:participant=participant1 tid:20587bb7e8e4cb8e07e6e7f6438e0027 - Typechecking upgrades for lineage of package-name daml-stdlib-DA-Semigroup-Types.
2026-02-03 18:52:58,069 [canton-env-ec-46] INFO  c.d.c.p.a.s.a.PackageUpgradeValidator:participant=participant1 tid:20587bb7e8e4cb8e07e6e7f6438e0027 - Typechecking upgrades for lineage of package-name daml-stdlib-DA-Semigroup-Types succeeded.
2026-02-03 18:52:58,069 [canton-env-ec-46] INFO  c.d.c.p.a.s.a.PackageUpgradeValidator:participant=participant1 tid:20587bb7e8e4cb8e07e6e7f6438e0027 - Typechecking upgrades for lineage of package-name daml-stdlib-DA-Logic-Types.
2026-02-03 18:52:58,069 [canton-env-ec-46] INFO  c.d.c.p.a.s.a.PackageUpgradeValidator:participant=participant1 tid:20587bb7e8e4cb8e07e6e7f6438e0027 - Typechecking upgrades for lineage of package-name daml-stdlib-DA-Logic-Types succeeded.
2026-02-03 18:52:58,069 [canton-env-ec-46] INFO  c.d.c.p.a.s.a.PackageUpgradeValidator:participant=participant1 tid:20587bb7e8e4cb8e07e6e7f6438e0027 - Typechecking upgrades for lineage of package-name daml-stdlib-DA-Set-Types.
2026-02-03 18:52:58,069 [canton-env-ec-46] INFO  c.d.c.p.a.s.a.PackageUpgradeValidator:participant=participant1 tid:20587bb7e8e4cb8e07e6e7f6438e0027 - Typechecking upgrades for lineage of package-name daml-stdlib-DA-Set-Types succeeded.
2026-02-03 18:52:58,069 [canton-env-ec-46] INFO  c.d.c.p.a.s.a.PackageUpgradeValidator:participant=participant1 tid:20587bb7e8e4cb8e07e6e7f6438e0027 - Typechecking upgrades for lineage of package-name daml-stdlib-DA-Internal-Down.
2026-02-03 18:52:58,069 [canton-env-ec-46] INFO  c.d.c.p.a.s.a.PackageUpgradeValidator:participant=participant1 tid:20587bb7e8e4cb8e07e6e7f6438e0027 - Typechecking upgrades for lineage of package-name daml-stdlib-DA-Internal-Down succeeded.
2026-02-03 18:52:58,070 [canton-env-ec-46] INFO  c.d.c.p.a.s.a.PackageUpgradeValidator:participant=participant1 tid:20587bb7e8e4cb8e07e6e7f6438e0027 - Typechecking upgrades for lineage of package-name daml-prim-DA-Exception-AssertionFailed.
2026-02-03 18:52:58,070 [canton-env-ec-46] INFO  c.d.c.p.a.s.a.PackageUpgradeValidator:participant=participant1 tid:20587bb7e8e4cb8e07e6e7f6438e0027 - Typechecking upgrades for lineage of package-name daml-prim-DA-Exception-AssertionFailed succeeded.
2026-02-03 18:52:58,070 [canton-env-ec-46] INFO  c.d.c.p.a.s.a.PackageUpgradeValidator:participant=participant1 tid:20587bb7e8e4cb8e07e6e7f6438e0027 - Typechecking upgrades for lineage of package-name daml-stdlib-DA-Action-State-Type.
2026-02-03 18:52:58,070 [canton-env-ec-46] INFO  c.d.c.p.a.s.a.PackageUpgradeValidator:participant=participant1 tid:20587bb7e8e4cb8e07e6e7f6438e0027 - Typechecking upgrades for lineage of package-name daml-stdlib-DA-Action-State-Type succeeded.
2026-02-03 18:52:58,070 [canton-env-ec-46] INFO  c.d.c.p.a.s.a.PackageUpgradeValidator:participant=participant1 tid:20587bb7e8e4cb8e07e6e7f6438e0027 - Typechecking upgrades for lineage of package-name ghc-stdlib-DA-Internal-Any.
2026-02-03 18:52:58,070 [canton-env-ec-46] INFO  c.d.c.p.a.s.a.PackageUpgradeValidator:participant=participant1 tid:20587bb7e8e4cb8e07e6e7f6438e0027 - Typechecking upgrades for lineage of package-name ghc-stdlib-DA-Internal-Any succeeded.
2026-02-03 18:52:58,070 [canton-env-ec-46] INFO  c.d.c.p.a.s.a.PackageUpgradeValidator:participant=participant1 tid:20587bb7e8e4cb8e07e6e7f6438e0027 - Typechecking upgrades for lineage of package-name daml-stdlib-DA-Internal-Fail-Types.
2026-02-03 18:52:58,070 [canton-env-ec-46] INFO  c.d.c.p.a.s.a.PackageUpgradeValidator:participant=participant1 tid:20587bb7e8e4cb8e07e6e7f6438e0027 - Typechecking upgrades for lineage of package-name daml-stdlib-DA-Internal-Fail-Types succeeded.
2026-02-03 18:52:58,070 [canton-env-ec-46] INFO  c.d.c.p.a.s.a.PackageUpgradeValidator:participant=participant1 tid:20587bb7e8e4cb8e07e6e7f6438e0027 - Typechecking upgrades for lineage of package-name daml-stdlib-DA-Random-Types.
2026-02-03 18:52:58,070 [canton-env-ec-46] INFO  c.d.c.p.a.s.a.PackageUpgradeValidator:participant=participant1 tid:20587bb7e8e4cb8e07e6e7f6438e0027 - Typechecking upgrades for lineage of package-name daml-stdlib-DA-Random-Types succeeded.
2026-02-03 18:52:58,070 [canton-env-ec-46] INFO  c.d.c.p.a.s.a.PackageUpgradeValidator:participant=participant1 tid:20587bb7e8e4cb8e07e6e7f6438e0027 - Typechecking upgrades for lineage of package-name daml-stdlib-DA-Validation-Types.
2026-02-03 18:52:58,071 [canton-env-ec-46] INFO  c.d.c.p.a.s.a.PackageUpgradeValidator:participant=participant1 tid:20587bb7e8e4cb8e07e6e7f6438e0027 - Typechecking upgrades for lineage of package-name daml-stdlib-DA-Validation-Types succeeded.
2026-02-03 18:52:58,071 [canton-env-ec-46] INFO  c.d.c.p.a.s.a.PackageUpgradeValidator:participant=participant1 tid:20587bb7e8e4cb8e07e6e7f6438e0027 - Typechecking upgrades for lineage of package-name daml-stdlib.
2026-02-03 18:52:58,071 [canton-env-ec-46] INFO  c.d.c.p.a.s.a.PackageUpgradeValidator:participant=participant1 tid:20587bb7e8e4cb8e07e6e7f6438e0027 - Typechecking upgrades for lineage of package-name daml-stdlib succeeded.
2026-02-03 18:52:58,071 [canton-env-ec-46] INFO  c.d.c.p.a.s.a.PackageUpgradeValidator:participant=participant1 tid:20587bb7e8e4cb8e07e6e7f6438e0027 - Typechecking upgrades for lineage of package-name daml-script.
2026-02-03 18:52:58,071 [canton-env-ec-46] INFO  c.d.c.p.a.s.a.PackageUpgradeValidator:participant=participant1 tid:20587bb7e8e4cb8e07e6e7f6438e0027 - Typechecking upgrades for lineage of package-name daml-script succeeded.
2026-02-03 18:52:58,071 [canton-env-ec-46] INFO  c.d.c.p.a.s.a.PackageUpgradeValidator:participant=participant1 tid:20587bb7e8e4cb8e07e6e7f6438e0027 - Typechecking upgrades for lineage of package-name my-app-main.
2026-02-03 18:52:58,071 [canton-env-ec-46] INFO  c.d.c.p.a.s.a.PackageUpgradeValidator:participant=participant1 tid:20587bb7e8e4cb8e07e6e7f6438e0027 - Typechecking upgrades for lineage of package-name my-app-main succeeded.
2026-02-03 18:52:58,075 [canton-env-ec-50] INFO  c.d.c.t.TopologyStateProcessor:participant=participant1/psid=mydomain::12202e2a4840::34-0 tid:20587bb7e8e4cb8e07e6e7f6438e0027 - Enqueuing topology transaction 1/1 TxHash(SHA-256:24a4ba545eb2...) with ts=EffectiveTime(2026-02-03T18:52:51.815711Z), signedBy=Set(12206142f08a...)
2026-02-03 18:52:58,075 [canton-env-ec-50] INFO  c.d.c.t.TopologyStateProcessor:participant=participant1/psid=mydomain::12202e2a4840::34-0 tid:20587bb7e8e4cb8e07e6e7f6438e0027 - Enqueued topology transactions:
ValidatedTopologyTransaction(
  SignedTopologyTransaction(
    TopologyTransaction(
      VettedPackages(
        participantId = PAR::participant1::12206142f08a...,
        packages = Seq(
          VettedPackage(packageId = 6f8e6085f576..., unbounded),
          VettedPackage(packageId = 60c61c542207..., unbounded),
          VettedPackage(packageId = a1fa18133ae4..., unbounded),
          VettedPackage(packageId = cae345b5500e..., unbounded),
          VettedPackage(packageId = c3bb0c5d0479..., unbounded),
          VettedPackage(packageId = fcee8dfc1b81..., unbounded),
          VettedPackage(packageId = c280cc3ef501..., unbounded),
          VettedPackage(packageId = 9e70a8b3510d..., unbounded),
          VettedPackage(packageId = 91e167fa7a25..., unbounded),
          VettedPackage(packageId = b70db8369e1c..., unbounded),
          VettedPackage(packageId = f181cd661f7a..., unbounded),
          VettedPackage(packageId = bde4bd30749e..., unbounded),
          VettedPackage(packageId = 19f0df5fdaf5..., unbounded),
          VettedPackage(packageId = ab068e2f920d..., unbounded),
          VettedPackage(packageId = 86d888f34152..., unbounded),
          VettedPackage(packageId = de2cc2f90eb5..., unbounded),
          VettedPackage(packageId = 99ea07e101ed..., unbounded),
          VettedPackage(packageId = 5aee9b21b8e9..., unbounded),
          VettedPackage(packageId = bfda48f9aa2c..., unbounded),
          VettedPackage(packageId = 52854220dc19..., unbounded),
          VettedPackage(packageId = fa79192fe1cc..., unbounded),
          VettedPackage(packageId = 6da1f43a10a1..., unbounded),
          VettedPackage(packageId = 590736e6f7bc..., unbounded),
          VettedPackage(packageId = 0e4a572ab1fb..., unbounded),
          VettedPackage(packageId = d095a2ccf6dd..., unbounded),
          VettedPackage(packageId = ee33fb70918e..., unbounded),
          VettedPackage(packageId = e7e0adfa881e..., unbounded),
          VettedPackage(packageId = 7adc4c2d07fa..., unbounded),
          VettedPackage(packageId = 3cde94fe9be5..., unbounded),
          VettedPackage(packageId = e5411f3d75f0..., unbounded),
          VettedPackage(packageId = 99e5d982e8a9..., unbounded),
          VettedPackage(packageId = 207e7302c522..., unbounded),
          VettedPackage(packageId = 08e57d514689..., unbounded)
        )
      ),
      serial = 2,
      operation = Replace,
      hash = SHA-256:24a4ba545eb2...
    ),
    signatures = 12206142f08a...
  )
)
2026-02-03 18:52:58,081 [canton-env-ec-45] INFO  c.d.c.s.s.s.GrpcSequencerService:sequencer=sequencer1 tid:9326f6e7f220ada64801a85260b1ae8b - 'PAR::participant1::12206142f08a...' sends request with id 'd296ed69-87c7-4f43-9045-a94e53b099bb' of size 1930 bytes with 1 envelopes.
2026-02-03 18:52:58,210 [canton-env-ec-39] INFO  c.d.c.s.b.u.BlockChunkProcessor:sequencer=sequencer1/psid=mydomain::12202e2a4840::34-0 tid:17a2e02a938b610efc27fa84880567f2 - Processing block 4, data chunk 0. Last chunk timestamp=2026-02-03T18:52:52.450906Z, last sequencer event timestamp=Some(2026-02-03T18:52:52.450906Z). 1 events:
  Send of 'd296ed69-87c7-4f43-9045-a94e53b099bb' at 2026-02-03T18:52:58.082690Z (tc=9326f6e7f220ada64801a85260b1ae8b)
2026-02-03 18:52:58,221 [canton-env-ec-41] INFO  c.d.c.p.p.ParallelMessageDispatcher:participant=participant1/psid=mydomain::12202e2a4840::34-0 tid:9326f6e7f220ada64801a85260b1ae8b - Processing event at sc=3, ts=2026-02-03T18:52:58.082690Z, messageId=d296ed69-87c7-4f43-9045-a94e53b099bb, with contents=TopologyTransactionsBroadcast
2026-02-03 18:52:58,222 [canton-env-ec-37] INFO  c.d.c.t.TopologyStateProcessor:sequencer=sequencer1/psid=mydomain::12202e2a4840::34-0 tid:9326f6e7f220ada64801a85260b1ae8b - Storing topology transaction 1/1 TxHash(SHA-256:24a4ba545eb2...) with ts=EffectiveTime(2026-02-03T18:52:58.332690Z), signedBy=Set(12206142f08a...)
2026-02-03 18:52:58,225 [canton-env-ec-37] INFO  c.d.c.t.TopologyStateProcessor:sequencer=sequencer1/psid=mydomain::12202e2a4840::34-0 tid:9326f6e7f220ada64801a85260b1ae8b - Persisted topology transactions (SequencedTime(2026-02-03T18:52:58.082690Z), EffectiveTime(2026-02-03T18:52:58.332690Z)):
ValidatedTopologyTransaction(
  SignedTopologyTransaction(
    TopologyTransaction(
      VettedPackages(
        participantId = PAR::participant1::12206142f08a...,
        packages = Seq(
          VettedPackage(packageId = 6f8e6085f576..., unbounded),
          VettedPackage(packageId = 60c61c542207..., unbounded),
          VettedPackage(packageId = a1fa18133ae4..., unbounded),
          VettedPackage(packageId = cae345b5500e..., unbounded),
          VettedPackage(packageId = c3bb0c5d0479..., unbounded),
          VettedPackage(packageId = fcee8dfc1b81..., unbounded),
          VettedPackage(packageId = c280cc3ef501..., unbounded),
          VettedPackage(packageId = 9e70a8b3510d..., unbounded),
          VettedPackage(packageId = 91e167fa7a25..., unbounded),
          VettedPackage(packageId = b70db8369e1c..., unbounded),
          VettedPackage(packageId = f181cd661f7a..., unbounded),
          VettedPackage(packageId = bde4bd30749e..., unbounded),
          VettedPackage(packageId = 19f0df5fdaf5..., unbounded),
          VettedPackage(packageId = ab068e2f920d..., unbounded),
          VettedPackage(packageId = 86d888f34152..., unbounded),
          VettedPackage(packageId = de2cc2f90eb5..., unbounded),
          VettedPackage(packageId = 99ea07e101ed..., unbounded),
          VettedPackage(packageId = 5aee9b21b8e9..., unbounded),
          VettedPackage(packageId = bfda48f9aa2c..., unbounded),
          VettedPackage(packageId = 52854220dc19..., unbounded),
          VettedPackage(packageId = fa79192fe1cc..., unbounded),
          VettedPackage(packageId = 6da1f43a10a1..., unbounded),
          VettedPackage(packageId = 590736e6f7bc..., unbounded),
          VettedPackage(packageId = 0e4a572ab1fb..., unbounded),
          VettedPackage(packageId = d095a2ccf6dd..., unbounded),
          VettedPackage(packageId = ee33fb70918e..., unbounded),
          VettedPackage(packageId = e7e0adfa881e..., unbounded),
          VettedPackage(packageId = 7adc4c2d07fa..., unbounded),
          VettedPackage(packageId = 3cde94fe9be5..., unbounded),
          VettedPackage(packageId = e5411f3d75f0..., unbounded),
          VettedPackage(packageId = 99e5d982e8a9..., unbounded),
          VettedPackage(packageId = 207e7302c522..., unbounded),
          VettedPackage(packageId = 08e57d514689..., unbounded)
        )
      ),
      serial = 2,
      operation = Replace,
      hash = SHA-256:24a4ba545eb2...
    ),
    signatures = 12206142f08a...
  )
)
2026-02-03 18:52:58,226 [canton-env-ec-41] INFO  c.d.c.t.TopologyStateProcessor:mediator=mediator1/psid=mydomain::12202e2a4840::34-0 tid:9326f6e7f220ada64801a85260b1ae8b - Storing topology transaction 1/1 TxHash(SHA-256:24a4ba545eb2...) with ts=EffectiveTime(2026-02-03T18:52:58.332690Z), signedBy=Set(12206142f08a...)
2026-02-03 18:52:58,226 [canton-env-ec-47] INFO  c.d.c.t.TopologyStateProcessor:participant=participant1/psid=mydomain::12202e2a4840::34-0 tid:9326f6e7f220ada64801a85260b1ae8b - Storing topology transaction 1/1 TxHash(SHA-256:24a4ba545eb2...) with ts=EffectiveTime(2026-02-03T18:52:58.332690Z), signedBy=Set(12206142f08a...)
2026-02-03 18:52:58,227 [canton-env-ec-51] INFO  c.d.c.t.TopologyStateProcessor:mediator=mediator1/psid=mydomain::12202e2a4840::34-0 tid:9326f6e7f220ada64801a85260b1ae8b - Persisted topology transactions (SequencedTime(2026-02-03T18:52:58.082690Z), EffectiveTime(2026-02-03T18:52:58.332690Z)):
ValidatedTopologyTransaction(
  SignedTopologyTransaction(
    TopologyTransaction(
      VettedPackages(
        participantId = PAR::participant1::12206142f08a...,
        packages = Seq(
          VettedPackage(packageId = 6f8e6085f576..., unbounded),
          VettedPackage(packageId = 60c61c542207..., unbounded),
          VettedPackage(packageId = a1fa18133ae4..., unbounded),
          VettedPackage(packageId = cae345b5500e..., unbounded),
          VettedPackage(packageId = c3bb0c5d0479..., unbounded),
          VettedPackage(packageId = fcee8dfc1b81..., unbounded),
          VettedPackage(packageId = c280cc3ef501..., unbounded),
          VettedPackage(packageId = 9e70a8b3510d..., unbounded),
          VettedPackage(packageId = 91e167fa7a25..., unbounded),
          VettedPackage(packageId = b70db8369e1c..., unbounded),
          VettedPackage(packageId = f181cd661f7a..., unbounded),
          VettedPackage(packageId = bde4bd30749e..., unbounded),
          VettedPackage(packageId = 19f0df5fdaf5..., unbounded),
          VettedPackage(packageId = ab068e2f920d..., unbounded),
          VettedPackage(packageId = 86d888f34152..., unbounded),
          VettedPackage(packageId = de2cc2f90eb5..., unbounded),
          VettedPackage(packageId = 99ea07e101ed..., unbounded),
          VettedPackage(packageId = 5aee9b21b8e9..., unbounded),
          VettedPackage(packageId = bfda48f9aa2c..., unbounded),
          VettedPackage(packageId = 52854220dc19..., unbounded),
          VettedPackage(packageId = fa79192fe1cc..., unbounded),
          VettedPackage(packageId = 6da1f43a10a1..., unbounded),
          VettedPackage(packageId = 590736e6f7bc..., unbounded),
          VettedPackage(packageId = 0e4a572ab1fb..., unbounded),
          VettedPackage(packageId = d095a2ccf6dd..., unbounded),
          VettedPackage(packageId = ee33fb70918e..., unbounded),
          VettedPackage(packageId = e7e0adfa881e..., unbounded),
          VettedPackage(packageId = 7adc4c2d07fa..., unbounded),
          VettedPackage(packageId = 3cde94fe9be5..., unbounded),
          VettedPackage(packageId = e5411f3d75f0..., unbounded),
          VettedPackage(packageId = 99e5d982e8a9..., unbounded),
          VettedPackage(packageId = 207e7302c522..., unbounded),
          VettedPackage(packageId = 08e57d514689..., unbounded)
        )
      ),
      serial = 2,
      operation = Replace,
      hash = SHA-256:24a4ba545eb2...
    ),
    signatures = 12206142f08a...
  )
)
2026-02-03 18:52:58,227 [canton-env-ec-41] INFO  c.d.c.t.TopologyStateProcessor:participant=participant1/psid=mydomain::12202e2a4840::34-0 tid:9326f6e7f220ada64801a85260b1ae8b - Persisted topology transactions (SequencedTime(2026-02-03T18:52:58.082690Z), EffectiveTime(2026-02-03T18:52:58.332690Z)):
ValidatedTopologyTransaction(
  SignedTopologyTransaction(
    TopologyTransaction(
      VettedPackages(
        participantId = PAR::participant1::12206142f08a...,
        packages = Seq(
          VettedPackage(packageId = 6f8e6085f576..., unbounded),
          VettedPackage(packageId = 60c61c542207..., unbounded),
          VettedPackage(packageId = a1fa18133ae4..., unbounded),
          VettedPackage(packageId = cae345b5500e..., unbounded),
          VettedPackage(packageId = c3bb0c5d0479..., unbounded),
          VettedPackage(packageId = fcee8dfc1b81..., unbounded),
          VettedPackage(packageId = c280cc3ef501..., unbounded),
          VettedPackage(packageId = 9e70a8b3510d..., unbounded),
          VettedPackage(packageId = 91e167fa7a25..., unbounded),
          VettedPackage(packageId = b70db8369e1c..., unbounded),
          VettedPackage(packageId = f181cd661f7a..., unbounded),
          VettedPackage(packageId = bde4bd30749e..., unbounded),
          VettedPackage(packageId = 19f0df5fdaf5..., unbounded),
          VettedPackage(packageId = ab068e2f920d..., unbounded),
          VettedPackage(packageId = 86d888f34152..., unbounded),
          VettedPackage(packageId = de2cc2f90eb5..., unbounded),
          VettedPackage(packageId = 99ea07e101ed..., unbounded),
          VettedPackage(packageId = 5aee9b21b8e9..., unbounded),
          VettedPackage(packageId = bfda48f9aa2c..., unbounded),
          VettedPackage(packageId = 52854220dc19..., unbounded),
          VettedPackage(packageId = fa79192fe1cc..., unbounded),
          VettedPackage(packageId = 6da1f43a10a1..., unbounded),
          VettedPackage(packageId = 590736e6f7bc..., unbounded),
          VettedPackage(packageId = 0e4a572ab1fb..., unbounded),
          VettedPackage(packageId = d095a2ccf6dd..., unbounded),
          VettedPackage(packageId = ee33fb70918e..., unbounded),
          VettedPackage(packageId = e7e0adfa881e..., unbounded),
          VettedPackage(packageId = 7adc4c2d07fa..., unbounded),
          VettedPackage(packageId = 3cde94fe9be5..., unbounded),
          VettedPackage(packageId = e5411f3d75f0..., unbounded),
          VettedPackage(packageId = 99e5d982e8a9..., unbounded),
          VettedPackage(packageId = 207e7302c522..., unbounded),
          VettedPackage(packageId = 08e57d514689..., unbounded)
        )
      ),
      serial = 2,
      operation = Replace,
      hash = SHA-256:24a4ba545eb2...
    ),
    signatures = 12206142f08a...
  )
)
2026-02-03 18:52:58,229 [input-mapping-pool-4] INFO  c.d.c.p.i.p.ParallelIndexerSubscription:participant=participant1 tid:9326f6e7f220ada64801a85260b1ae8b - Storing at offset=5 SequencerIndexMoved(synchronizerId = mydomain::12202e2a4840..., sequencerTimestamp = 2026-02-03T18:52:58.082690Z)
2026-02-03 18:52:59,048 [canton-env-ec-37] INFO  c.d.c.s.b.u.BlockChunkProcessor:sequencer=sequencer1/psid=mydomain::12202e2a4840::34-0 tid:2eb4eebc379b2dded228cb76bb2001e0 - Processing block 5, data chunk 0. Last chunk timestamp=2026-02-03T18:52:58.082690Z, last sequencer event timestamp=Some(2026-02-03T18:52:58.082690Z). 1 events:
  Send of 'time-adv-24437d14-2254-46ad-a38f-f3d439de5362' at 2026-02-03T18:52:59.007671Z (tc=507b7d5750b09db2169532a046688c9c)
2026-02-03 18:52:59,063 [canton-env-ec-51] INFO  c.d.c.p.p.ParallelMessageDispatcher:participant=participant1/psid=mydomain::12202e2a4840::34-0 tid:507b7d5750b09db2169532a046688c9c - Processing event at sc=4, ts=2026-02-03T18:52:59.007671Z, with contents=TopologyTransactionsBroadcast
2026-02-03 18:52:59,065 [input-mapping-pool-5] INFO  c.d.c.p.i.p.ParallelIndexerSubscription:participant=participant1 tid:507b7d5750b09db2169532a046688c9c - Storing at offset=6 SequencerIndexMoved(synchronizerId = mydomain::12202e2a4840..., sequencerTimestamp = 2026-02-03T18:52:59.007671Z)
2026-02-03 18:53:00,991 [canton-env-ec-45] INFO  c.d.c.p.a.s.a.ApiPartyManagementService:participant=participant1 tid:9e27f1030b2f874a8de580e80ae3d52c - Listing known parties.
2026-02-03 18:53:01,025 [canton-env-ec-45] INFO  c.d.c.p.a.s.a.ApiPartyManagementService:participant=participant1 tid:0cd6a1ade8c01dcc323f137dacd5cc40 - Allocating party, parties -> ['Alice'].
2026-02-03 18:53:01,038 [canton-env-ec-44] INFO  c.d.c.p.s.m.InMemoryPhysicalSyncPersistentState$$anon$1:participant=participant1/psid=mydomain::12202e2a4840::34-0 tid:0cd6a1ade8c01dcc323f137dacd5cc40 - Attempting to build, sign, and Replace PartyToParticipant(partyId = Alice::12206142f08a..., participants = PAR::participant1::12206142f08a... -> Submission) with serial None() 
2026-02-03 18:53:01,051 [canton-env-ec-37] INFO  c.d.c.t.TopologyStateProcessor:participant=participant1/psid=mydomain::12202e2a4840::34-0 tid:0cd6a1ade8c01dcc323f137dacd5cc40 - Enqueuing topology transaction 1/1 TxHash(SHA-256:ce1ed3a79073...) with ts=EffectiveTime(2026-02-03T18:52:58.332691Z), signedBy=Set(12206142f08a...)
2026-02-03 18:53:01,052 [canton-env-ec-37] INFO  c.d.c.t.TopologyStateProcessor:participant=participant1/psid=mydomain::12202e2a4840::34-0 tid:0cd6a1ade8c01dcc323f137dacd5cc40 - Enqueued topology transactions:
ValidatedTopologyTransaction(
  SignedTopologyTransaction(
    TopologyTransaction(
      PartyToParticipant(partyId = Alice::12206142f08a..., participants = PAR::participant1::12206142f08a... -> Submission),
      serial = 1,
      operation = Replace,
      hash = SHA-256:ce1ed3a79073...
    ),
    signatures = 12206142f08a...
  )
)
2026-02-03 18:53:01,057 [canton-env-ec-39] INFO  c.d.c.s.s.s.GrpcSequencerService:sequencer=sequencer1 tid:3e2a0de16b905cce2f9237c0efdd3984 - 'PAR::participant1::12206142f08a...' sends request with id 'fef37b08-f290-4245-8ae2-360f988e6ea8' of size 647 bytes with 1 envelopes.
2026-02-03 18:53:01,210 [canton-env-ec-49] INFO  c.d.c.s.b.u.BlockChunkProcessor:sequencer=sequencer1/psid=mydomain::12202e2a4840::34-0 tid:5731ffa622da884c7848d5a0ce3ccff0 - Processing block 6, data chunk 0. Last chunk timestamp=2026-02-03T18:52:59.007671Z, last sequencer event timestamp=Some(2026-02-03T18:52:59.007671Z). 1 events:
  Send of 'fef37b08-f290-4245-8ae2-360f988e6ea8' at 2026-02-03T18:53:01.058828Z (tc=3e2a0de16b905cce2f9237c0efdd3984)
2026-02-03 18:53:01,228 [canton-env-ec-39] INFO  c.d.c.p.p.ParallelMessageDispatcher:participant=participant1/psid=mydomain::12202e2a4840::34-0 tid:3e2a0de16b905cce2f9237c0efdd3984 - Processing event at sc=5, ts=2026-02-03T18:53:01.058828Z, messageId=fef37b08-f290-4245-8ae2-360f988e6ea8, with contents=TopologyTransactionsBroadcast
2026-02-03 18:53:01,230 [canton-env-ec-45] INFO  c.d.c.t.TopologyStateProcessor:mediator=mediator1/psid=mydomain::12202e2a4840::34-0 tid:3e2a0de16b905cce2f9237c0efdd3984 - Storing topology transaction 1/1 TxHash(SHA-256:ce1ed3a79073...) with ts=EffectiveTime(2026-02-03T18:53:01.308828Z), signedBy=Set(12206142f08a...)
2026-02-03 18:53:01,231 [canton-env-ec-46] INFO  c.d.c.t.TopologyStateProcessor:sequencer=sequencer1/psid=mydomain::12202e2a4840::34-0 tid:3e2a0de16b905cce2f9237c0efdd3984 - Storing topology transaction 1/1 TxHash(SHA-256:ce1ed3a79073...) with ts=EffectiveTime(2026-02-03T18:53:01.308828Z), signedBy=Set(12206142f08a...)
2026-02-03 18:53:01,231 [canton-env-ec-37] INFO  c.d.c.t.TopologyStateProcessor:participant=participant1/psid=mydomain::12202e2a4840::34-0 tid:3e2a0de16b905cce2f9237c0efdd3984 - Storing topology transaction 1/1 TxHash(SHA-256:ce1ed3a79073...) with ts=EffectiveTime(2026-02-03T18:53:01.308828Z), signedBy=Set(12206142f08a...)
2026-02-03 18:53:01,231 [canton-env-ec-47] INFO  c.d.c.t.TopologyStateProcessor:mediator=mediator1/psid=mydomain::12202e2a4840::34-0 tid:3e2a0de16b905cce2f9237c0efdd3984 - Persisted topology transactions (SequencedTime(2026-02-03T18:53:01.058828Z), EffectiveTime(2026-02-03T18:53:01.308828Z)):
ValidatedTopologyTransaction(
  SignedTopologyTransaction(
    TopologyTransaction(
      PartyToParticipant(partyId = Alice::12206142f08a..., participants = PAR::participant1::12206142f08a... -> Submission),
      serial = 1,
      operation = Replace,
      hash = SHA-256:ce1ed3a79073...
    ),
    signatures = 12206142f08a...
  )
)
2026-02-03 18:53:01,231 [canton-env-ec-39] INFO  c.d.c.t.TopologyStateProcessor:sequencer=sequencer1/psid=mydomain::12202e2a4840::34-0 tid:3e2a0de16b905cce2f9237c0efdd3984 - Persisted topology transactions (SequencedTime(2026-02-03T18:53:01.058828Z), EffectiveTime(2026-02-03T18:53:01.308828Z)):
ValidatedTopologyTransaction(
  SignedTopologyTransaction(
    TopologyTransaction(
      PartyToParticipant(partyId = Alice::12206142f08a..., participants = PAR::participant1::12206142f08a... -> Submission),
      serial = 1,
      operation = Replace,
      hash = SHA-256:ce1ed3a79073...
    ),
    signatures = 12206142f08a...
  )
)
2026-02-03 18:53:01,231 [canton-env-ec-38] INFO  c.d.c.t.TopologyStateProcessor:participant=participant1/psid=mydomain::12202e2a4840::34-0 tid:3e2a0de16b905cce2f9237c0efdd3984 - Persisted topology transactions (SequencedTime(2026-02-03T18:53:01.058828Z), EffectiveTime(2026-02-03T18:53:01.308828Z)):
ValidatedTopologyTransaction(
  SignedTopologyTransaction(
    TopologyTransaction(
      PartyToParticipant(partyId = Alice::12206142f08a..., participants = PAR::participant1::12206142f08a... -> Submission),
      serial = 1,
      operation = Replace,
      hash = SHA-256:ce1ed3a79073...
    ),
    signatures = 12206142f08a...
  )
)
2026-02-03 18:53:01,234 [input-mapping-pool-6] INFO  c.d.c.p.i.p.ParallelIndexerSubscription:participant=participant1 tid:3e2a0de16b905cce2f9237c0efdd3984 - Storing at offset=7 SequencerIndexMoved(synchronizerId = mydomain::12202e2a4840..., sequencerTimestamp = 2026-02-03T18:53:01.058828Z)
2026-02-03 18:53:02,173 [canton-env-ec-50] INFO  c.d.c.s.b.u.BlockChunkProcessor:sequencer=sequencer1/psid=mydomain::12202e2a4840::34-0 tid:06f3203f694289516a4aa1a6fe130216 - Processing block 7, data chunk 0. Last chunk timestamp=2026-02-03T18:53:01.058828Z, last sequencer event timestamp=Some(2026-02-03T18:53:01.058828Z). 1 events:
  Send of 'time-adv-205ce529-fd6b-4a92-8db7-72415e8e8af4' at 2026-02-03T18:53:02.030449Z (tc=507b7d5750b09db2169532a046688c9c)
2026-02-03 18:53:02,192 [canton-env-ec-37] INFO  c.d.c.p.p.ParallelMessageDispatcher:participant=participant1/psid=mydomain::12202e2a4840::34-0 tid:507b7d5750b09db2169532a046688c9c - Processing event at sc=6, ts=2026-02-03T18:53:02.030449Z, with contents=TopologyTransactionsBroadcast
2026-02-03 18:53:02,195 [input-mapping-pool-7] INFO  c.d.c.p.i.p.ParallelIndexerSubscription:participant=participant1 tid:3e2a0de16b905cce2f9237c0efdd3984 - Storing at offset=8 TopologyTransactionEffective(
  effectiveTime = 2026-02-03T18:53:01.308828Z,
  synchronizerId = mydomain::12202e2a4840...,
  updateId = 1220f76cfe574892693f020cc7fb93dea418984678202d7f4397cae6dad2e074fde8,
  ...
)
2026-02-03 18:53:02,195 [input-mapping-pool-8] INFO  c.d.c.p.i.p.ParallelIndexerSubscription:participant=participant1 tid:507b7d5750b09db2169532a046688c9c - Storing at offset=9 SequencerIndexMoved(synchronizerId = mydomain::12202e2a4840..., sequencerTimestamp = 2026-02-03T18:53:02.030449Z)
2026-02-03 18:53:02,211 [daml.participant.api.index.db.threadpool.connection.api-server-0] INFO  c.d.c.l.l.PersistentPartyRecordStore:participant=participant1 tid:0cd6a1ade8c01dcc323f137dacd5cc40 - Created new party record in participant local store: PartyRecord(party=Alice::12206142f08ae3d17391775a265d64b947099160506e8e59f8f5120c787ed72117fa, metadata=ObjectMeta(None,Map()), identityProviderId=Default)
2026-02-03 18:53:02,231 [canton-env-ec-38] INFO  c.d.c.p.a.s.a.ApiPartyManagementService:participant=participant1 tid:555e4b030f4d4496e9aedb40ba2c5c39 - Allocating party, parties -> ['Bob'].
2026-02-03 18:53:02,232 [canton-env-ec-37] INFO  c.d.c.p.s.m.InMemoryPhysicalSyncPersistentState$$anon$1:participant=participant1/psid=mydomain::12202e2a4840::34-0 tid:555e4b030f4d4496e9aedb40ba2c5c39 - Attempting to build, sign, and Replace PartyToParticipant(partyId = Bob::12206142f08a..., participants = PAR::participant1::12206142f08a... -> Submission) with serial None() 
2026-02-03 18:53:02,236 [canton-env-ec-48] INFO  c.d.c.t.TopologyStateProcessor:participant=participant1/psid=mydomain::12202e2a4840::34-0 tid:555e4b030f4d4496e9aedb40ba2c5c39 - Enqueuing topology transaction 1/1 TxHash(SHA-256:715b22ed6e72...) with ts=EffectiveTime(2026-02-03T18:53:01.308829Z), signedBy=Set(12206142f08a...)
2026-02-03 18:53:02,237 [canton-env-ec-48] INFO  c.d.c.t.TopologyStateProcessor:participant=participant1/psid=mydomain::12202e2a4840::34-0 tid:555e4b030f4d4496e9aedb40ba2c5c39 - Enqueued topology transactions:
ValidatedTopologyTransaction(
  SignedTopologyTransaction(
    TopologyTransaction(
      PartyToParticipant(partyId = Bob::12206142f08a..., participants = PAR::participant1::12206142f08a... -> Submission),
      serial = 1,
      operation = Replace,
      hash = SHA-256:715b22ed6e72...
    ),
    signatures = 12206142f08a...
  )
)
2026-02-03 18:53:02,241 [canton-env-ec-37] INFO  c.d.c.s.s.s.GrpcSequencerService:sequencer=sequencer1 tid:43b41d6273c1e7f7fce25252809774ed - 'PAR::participant1::12206142f08a...' sends request with id '4c19ce59-33c8-423d-a4b5-40a2a8b27c4f' of size 646 bytes with 1 envelopes.
2026-02-03 18:53:02,287 [canton-env-ec-44] INFO  c.d.c.s.b.u.BlockChunkProcessor:sequencer=sequencer1/psid=mydomain::12202e2a4840::34-0 tid:22cf8df7b3fab6658a0d91e6bab748e0 - Processing block 8, data chunk 0. Last chunk timestamp=2026-02-03T18:53:02.030449Z, last sequencer event timestamp=Some(2026-02-03T18:53:02.030449Z). 1 events:
  Send of '4c19ce59-33c8-423d-a4b5-40a2a8b27c4f' at 2026-02-03T18:53:02.243001Z (tc=43b41d6273c1e7f7fce25252809774ed)
2026-02-03 18:53:02,297 [canton-env-ec-39] INFO  c.d.c.p.p.ParallelMessageDispatcher:participant=participant1/psid=mydomain::12202e2a4840::34-0 tid:43b41d6273c1e7f7fce25252809774ed - Processing event at sc=7, ts=2026-02-03T18:53:02.243001Z, messageId=4c19ce59-33c8-423d-a4b5-40a2a8b27c4f, with contents=TopologyTransactionsBroadcast
2026-02-03 18:53:02,297 [canton-env-ec-47] INFO  c.d.c.t.TopologyStateProcessor:sequencer=sequencer1/psid=mydomain::12202e2a4840::34-0 tid:43b41d6273c1e7f7fce25252809774ed - Storing topology transaction 1/1 TxHash(SHA-256:715b22ed6e72...) with ts=EffectiveTime(2026-02-03T18:53:02.493001Z), signedBy=Set(12206142f08a...)
2026-02-03 18:53:02,298 [canton-env-ec-48] INFO  c.d.c.t.TopologyStateProcessor:sequencer=sequencer1/psid=mydomain::12202e2a4840::34-0 tid:43b41d6273c1e7f7fce25252809774ed - Persisted topology transactions (SequencedTime(2026-02-03T18:53:02.243001Z), EffectiveTime(2026-02-03T18:53:02.493001Z)):
ValidatedTopologyTransaction(
  SignedTopologyTransaction(
    TopologyTransaction(
      PartyToParticipant(partyId = Bob::12206142f08a..., participants = PAR::participant1::12206142f08a... -> Submission),
      serial = 1,
      operation = Replace,
      hash = SHA-256:715b22ed6e72...
    ),
    signatures = 12206142f08a...
  )
)
2026-02-03 18:53:02,299 [canton-env-ec-47] INFO  c.d.c.t.TopologyStateProcessor:mediator=mediator1/psid=mydomain::12202e2a4840::34-0 tid:43b41d6273c1e7f7fce25252809774ed - Storing topology transaction 1/1 TxHash(SHA-256:715b22ed6e72...) with ts=EffectiveTime(2026-02-03T18:53:02.493001Z), signedBy=Set(12206142f08a...)
2026-02-03 18:53:02,299 [canton-env-ec-46] INFO  c.d.c.t.TopologyStateProcessor:participant=participant1/psid=mydomain::12202e2a4840::34-0 tid:43b41d6273c1e7f7fce25252809774ed - Storing topology transaction 1/1 TxHash(SHA-256:715b22ed6e72...) with ts=EffectiveTime(2026-02-03T18:53:02.493001Z), signedBy=Set(12206142f08a...)
2026-02-03 18:53:02,299 [canton-env-ec-47] INFO  c.d.c.t.TopologyStateProcessor:mediator=mediator1/psid=mydomain::12202e2a4840::34-0 tid:43b41d6273c1e7f7fce25252809774ed - Persisted topology transactions (SequencedTime(2026-02-03T18:53:02.243001Z), EffectiveTime(2026-02-03T18:53:02.493001Z)):
ValidatedTopologyTransaction(
  SignedTopologyTransaction(
    TopologyTransaction(
      PartyToParticipant(partyId = Bob::12206142f08a..., participants = PAR::participant1::12206142f08a... -> Submission),
      serial = 1,
      operation = Replace,
      hash = SHA-256:715b22ed6e72...
    ),
    signatures = 12206142f08a...
  )
)
2026-02-03 18:53:02,300 [canton-env-ec-46] INFO  c.d.c.t.TopologyStateProcessor:participant=participant1/psid=mydomain::12202e2a4840::34-0 tid:43b41d6273c1e7f7fce25252809774ed - Persisted topology transactions (SequencedTime(2026-02-03T18:53:02.243001Z), EffectiveTime(2026-02-03T18:53:02.493001Z)):
ValidatedTopologyTransaction(
  SignedTopologyTransaction(
    TopologyTransaction(
      PartyToParticipant(partyId = Bob::12206142f08a..., participants = PAR::participant1::12206142f08a... -> Submission),
      serial = 1,
      operation = Replace,
      hash = SHA-256:715b22ed6e72...
    ),
    signatures = 12206142f08a...
  )
)
2026-02-03 18:53:02,302 [input-mapping-pool-9] INFO  c.d.c.p.i.p.ParallelIndexerSubscription:participant=participant1 tid:43b41d6273c1e7f7fce25252809774ed - Storing at offset=10 SequencerIndexMoved(synchronizerId = mydomain::12202e2a4840..., sequencerTimestamp = 2026-02-03T18:53:02.243001Z)
2026-02-03 18:53:03,372 [canton-env-ec-41] INFO  c.d.c.s.b.u.BlockChunkProcessor:sequencer=sequencer1/psid=mydomain::12202e2a4840::34-0 tid:54ed7b3b990eac88910256062f50fdea - Processing block 9, data chunk 0. Last chunk timestamp=2026-02-03T18:53:02.243001Z, last sequencer event timestamp=Some(2026-02-03T18:53:02.243001Z). 1 events:
  Send of 'time-adv-2883b754-e1aa-43b4-ac3a-b6a3c67e19a5' at 2026-02-03T18:53:03.295616Z (tc=507b7d5750b09db2169532a046688c9c)
2026-02-03 18:53:03,389 [canton-env-ec-47] INFO  c.d.c.p.p.ParallelMessageDispatcher:participant=participant1/psid=mydomain::12202e2a4840::34-0 tid:507b7d5750b09db2169532a046688c9c - Processing event at sc=8, ts=2026-02-03T18:53:03.295616Z, with contents=TopologyTransactionsBroadcast
2026-02-03 18:53:03,391 [input-mapping-pool-10] INFO  c.d.c.p.i.p.ParallelIndexerSubscription:participant=participant1 tid:43b41d6273c1e7f7fce25252809774ed - Storing at offset=11 TopologyTransactionEffective(
  effectiveTime = 2026-02-03T18:53:02.493001Z,
  synchronizerId = mydomain::12202e2a4840...,
  updateId = 12202fb3d77ca203204b7947d4642b7ad274f926aec051f06a717ff4f307f38f6787,
  ...
)
2026-02-03 18:53:03,391 [input-mapping-pool-11] INFO  c.d.c.p.i.p.ParallelIndexerSubscription:participant=participant1 tid:507b7d5750b09db2169532a046688c9c - Storing at offset=12 SequencerIndexMoved(synchronizerId = mydomain::12202e2a4840..., sequencerTimestamp = 2026-02-03T18:53:03.295616Z)
2026-02-03 18:53:03,399 [daml.participant.api.index.db.threadpool.connection.api-server-0] INFO  c.d.c.l.l.PersistentPartyRecordStore:participant=participant1 tid:555e4b030f4d4496e9aedb40ba2c5c39 - Created new party record in participant local store: PartyRecord(party=Bob::12206142f08ae3d17391775a265d64b947099160506e8e59f8f5120c787ed72117fa, metadata=ObjectMeta(None,Map()), identityProviderId=Default)
2026-02-03 18:53:03,410 [canton-env-ec-44] INFO  c.d.c.p.a.s.a.ApiPartyManagementService:participant=participant1 tid:64faf937a8884730b411ce1ee1bfa8c9 - Allocating party, parties -> ['Eva'].
2026-02-03 18:53:03,411 [canton-env-ec-47] INFO  c.d.c.p.s.m.InMemoryPhysicalSyncPersistentState$$anon$1:participant=participant1/psid=mydomain::12202e2a4840::34-0 tid:64faf937a8884730b411ce1ee1bfa8c9 - Attempting to build, sign, and Replace PartyToParticipant(partyId = Eva::12206142f08a..., participants = PAR::participant1::12206142f08a... -> Submission) with serial None() 
2026-02-03 18:53:03,417 [canton-env-ec-50] INFO  c.d.c.t.TopologyStateProcessor:participant=participant1/psid=mydomain::12202e2a4840::34-0 tid:64faf937a8884730b411ce1ee1bfa8c9 - Enqueuing topology transaction 1/1 TxHash(SHA-256:e797aebd38ba...) with ts=EffectiveTime(2026-02-03T18:53:02.493002Z), signedBy=Set(12206142f08a...)
2026-02-03 18:53:03,418 [canton-env-ec-50] INFO  c.d.c.t.TopologyStateProcessor:participant=participant1/psid=mydomain::12202e2a4840::34-0 tid:64faf937a8884730b411ce1ee1bfa8c9 - Enqueued topology transactions:
ValidatedTopologyTransaction(
  SignedTopologyTransaction(
    TopologyTransaction(
      PartyToParticipant(partyId = Eva::12206142f08a..., participants = PAR::participant1::12206142f08a... -> Submission),
      serial = 1,
      operation = Replace,
      hash = SHA-256:e797aebd38ba...
    ),
    signatures = 12206142f08a...
  )
)
2026-02-03 18:53:03,422 [canton-env-ec-41] INFO  c.d.c.s.s.s.GrpcSequencerService:sequencer=sequencer1 tid:b24d4b3b219d4307535ff465fe2e6218 - 'PAR::participant1::12206142f08a...' sends request with id 'ddf4db90-7ebd-433a-8bf5-99e07d64d83f' of size 641 bytes with 1 envelopes.
2026-02-03 18:53:03,489 [canton-env-ec-51] INFO  c.d.c.s.b.u.BlockChunkProcessor:sequencer=sequencer1/psid=mydomain::12202e2a4840::34-0 tid:7f06539c964edb647dd78e3ceb68ec99 - Processing block 10, data chunk 0. Last chunk timestamp=2026-02-03T18:53:03.295616Z, last sequencer event timestamp=Some(2026-02-03T18:53:03.295616Z). 1 events:
  Send of 'ddf4db90-7ebd-433a-8bf5-99e07d64d83f' at 2026-02-03T18:53:03.424085Z (tc=b24d4b3b219d4307535ff465fe2e6218)
2026-02-03 18:53:03,499 [canton-env-ec-48] INFO  c.d.c.p.p.ParallelMessageDispatcher:participant=participant1/psid=mydomain::12202e2a4840::34-0 tid:b24d4b3b219d4307535ff465fe2e6218 - Processing event at sc=9, ts=2026-02-03T18:53:03.424085Z, messageId=ddf4db90-7ebd-433a-8bf5-99e07d64d83f, with contents=TopologyTransactionsBroadcast
2026-02-03 18:53:03,500 [canton-env-ec-49] INFO  c.d.c.t.TopologyStateProcessor:sequencer=sequencer1/psid=mydomain::12202e2a4840::34-0 tid:b24d4b3b219d4307535ff465fe2e6218 - Storing topology transaction 1/1 TxHash(SHA-256:e797aebd38ba...) with ts=EffectiveTime(2026-02-03T18:53:03.674085Z), signedBy=Set(12206142f08a...)
2026-02-03 18:53:03,500 [canton-env-ec-49] INFO  c.d.c.t.TopologyStateProcessor:sequencer=sequencer1/psid=mydomain::12202e2a4840::34-0 tid:b24d4b3b219d4307535ff465fe2e6218 - Persisted topology transactions (SequencedTime(2026-02-03T18:53:03.424085Z), EffectiveTime(2026-02-03T18:53:03.674085Z)):
ValidatedTopologyTransaction(
  SignedTopologyTransaction(
    TopologyTransaction(
      PartyToParticipant(partyId = Eva::12206142f08a..., participants = PAR::participant1::12206142f08a... -> Submission),
      serial = 1,
      operation = Replace,
      hash = SHA-256:e797aebd38ba...
    ),
    signatures = 12206142f08a...
  )
)
2026-02-03 18:53:03,501 [canton-env-ec-38] INFO  c.d.c.t.TopologyStateProcessor:mediator=mediator1/psid=mydomain::12202e2a4840::34-0 tid:b24d4b3b219d4307535ff465fe2e6218 - Storing topology transaction 1/1 TxHash(SHA-256:e797aebd38ba...) with ts=EffectiveTime(2026-02-03T18:53:03.674085Z), signedBy=Set(12206142f08a...)
2026-02-03 18:53:03,502 [canton-env-ec-50] INFO  c.d.c.t.TopologyStateProcessor:participant=participant1/psid=mydomain::12202e2a4840::34-0 tid:b24d4b3b219d4307535ff465fe2e6218 - Storing topology transaction 1/1 TxHash(SHA-256:e797aebd38ba...) with ts=EffectiveTime(2026-02-03T18:53:03.674085Z), signedBy=Set(12206142f08a...)
2026-02-03 18:53:03,502 [canton-env-ec-46] INFO  c.d.c.t.TopologyStateProcessor:mediator=mediator1/psid=mydomain::12202e2a4840::34-0 tid:b24d4b3b219d4307535ff465fe2e6218 - Persisted topology transactions (SequencedTime(2026-02-03T18:53:03.424085Z), EffectiveTime(2026-02-03T18:53:03.674085Z)):
ValidatedTopologyTransaction(
  SignedTopologyTransaction(
    TopologyTransaction(
      PartyToParticipant(partyId = Eva::12206142f08a..., participants = PAR::participant1::12206142f08a... -> Submission),
      serial = 1,
      operation = Replace,
      hash = SHA-256:e797aebd38ba...
    ),
    signatures = 12206142f08a...
  )
)
2026-02-03 18:53:03,502 [canton-env-ec-50] INFO  c.d.c.t.TopologyStateProcessor:participant=participant1/psid=mydomain::12202e2a4840::34-0 tid:b24d4b3b219d4307535ff465fe2e6218 - Persisted topology transactions (SequencedTime(2026-02-03T18:53:03.424085Z), EffectiveTime(2026-02-03T18:53:03.674085Z)):
ValidatedTopologyTransaction(
  SignedTopologyTransaction(
    TopologyTransaction(
      PartyToParticipant(partyId = Eva::12206142f08a..., participants = PAR::participant1::12206142f08a... -> Submission),
      serial = 1,
      operation = Replace,
      hash = SHA-256:e797aebd38ba...
    ),
    signatures = 12206142f08a...
  )
)
2026-02-03 18:53:03,504 [input-mapping-pool-12] INFO  c.d.c.p.i.p.ParallelIndexerSubscription:participant=participant1 tid:b24d4b3b219d4307535ff465fe2e6218 - Storing at offset=13 SequencerIndexMoved(synchronizerId = mydomain::12202e2a4840..., sequencerTimestamp = 2026-02-03T18:53:03.424085Z)
2026-02-03 18:53:04,453 [canton-env-ec-50] INFO  c.d.c.s.b.u.BlockChunkProcessor:sequencer=sequencer1/psid=mydomain::12202e2a4840::34-0 tid:0d0d55ff371b36c168e617b5dc5dd825 - Processing block 11, data chunk 0. Last chunk timestamp=2026-02-03T18:53:03.424085Z, last sequencer event timestamp=Some(2026-02-03T18:53:03.424085Z). 1 events:
  Send of 'time-adv-4f8097d6-6ee2-4b6b-9e6f-2cd847773aba' at 2026-02-03T18:53:04.305808Z (tc=507b7d5750b09db2169532a046688c9c)
2026-02-03 18:53:04,474 [canton-env-ec-46] INFO  c.d.c.p.p.ParallelMessageDispatcher:participant=participant1/psid=mydomain::12202e2a4840::34-0 tid:507b7d5750b09db2169532a046688c9c - Processing event at sc=10, ts=2026-02-03T18:53:04.305808Z, with contents=TopologyTransactionsBroadcast
2026-02-03 18:53:04,476 [input-mapping-pool-13] INFO  c.d.c.p.i.p.ParallelIndexerSubscription:participant=participant1 tid:b24d4b3b219d4307535ff465fe2e6218 - Storing at offset=14 TopologyTransactionEffective(
  effectiveTime = 2026-02-03T18:53:03.674085Z,
  synchronizerId = mydomain::12202e2a4840...,
  updateId = 1220be31074a1e2951456efeec3d9368a2edefb3a520d7f23af0d6ac49e718c8de99,
  ...
)
2026-02-03 18:53:04,476 [input-mapping-pool-14] INFO  c.d.c.p.i.p.ParallelIndexerSubscription:participant=participant1 tid:507b7d5750b09db2169532a046688c9c - Storing at offset=15 SequencerIndexMoved(synchronizerId = mydomain::12202e2a4840..., sequencerTimestamp = 2026-02-03T18:53:04.305808Z)
2026-02-03 18:53:04,485 [daml.participant.api.index.db.threadpool.connection.api-server-0] INFO  c.d.c.l.l.PersistentPartyRecordStore:participant=participant1 tid:64faf937a8884730b411ce1ee1bfa8c9 - Created new party record in participant local store: PartyRecord(party=Eva::12206142f08ae3d17391775a265d64b947099160506e8e59f8f5120c787ed72117fa, metadata=ObjectMeta(None,Map()), identityProviderId=Default)
2026-02-03 18:53:04,494 [canton-env-ec-50] INFO  c.d.c.p.a.s.a.ApiPartyManagementService:participant=participant1 tid:b593a248daf1f189e381d02a0a4ece55 - Allocating party, parties -> ['Bank'].
2026-02-03 18:53:04,495 [canton-env-ec-44] INFO  c.d.c.p.s.m.InMemoryPhysicalSyncPersistentState$$anon$1:participant=participant1/psid=mydomain::12202e2a4840::34-0 tid:b593a248daf1f189e381d02a0a4ece55 - Attempting to build, sign, and Replace PartyToParticipant(partyId = Bank::12206142f08a..., participants = PAR::participant1::12206142f08a... -> Submission) with serial None() 
2026-02-03 18:53:04,499 [canton-env-ec-41] INFO  c.d.c.t.TopologyStateProcessor:participant=participant1/psid=mydomain::12202e2a4840::34-0 tid:b593a248daf1f189e381d02a0a4ece55 - Enqueuing topology transaction 1/1 TxHash(SHA-256:48bdedadea84...) with ts=EffectiveTime(2026-02-03T18:53:03.674086Z), signedBy=Set(12206142f08a...)
2026-02-03 18:53:04,499 [canton-env-ec-41] INFO  c.d.c.t.TopologyStateProcessor:participant=participant1/psid=mydomain::12202e2a4840::34-0 tid:b593a248daf1f189e381d02a0a4ece55 - Enqueued topology transactions:
ValidatedTopologyTransaction(
  SignedTopologyTransaction(
    TopologyTransaction(
      PartyToParticipant(partyId = Bank::12206142f08a..., participants = PAR::participant1::12206142f08a... -> Submission),
      serial = 1,
      operation = Replace,
      hash = SHA-256:48bdedadea84...
    ),
    signatures = 12206142f08a...
  )
)
2026-02-03 18:53:04,503 [canton-env-ec-46] INFO  c.d.c.s.s.s.GrpcSequencerService:sequencer=sequencer1 tid:bf25593aca464f5ab9fa0dcde93eddc3 - 'PAR::participant1::12206142f08a...' sends request with id '4fa8933d-aa99-48b9-ab4f-fe3bee614499' of size 645 bytes with 1 envelopes.
2026-02-03 18:53:04,567 [canton-env-ec-50] INFO  c.d.c.s.b.u.BlockChunkProcessor:sequencer=sequencer1/psid=mydomain::12202e2a4840::34-0 tid:bc5e213abe7499aa538286b7e79759d9 - Processing block 12, data chunk 0. Last chunk timestamp=2026-02-03T18:53:04.305808Z, last sequencer event timestamp=Some(2026-02-03T18:53:04.305808Z). 1 events:
  Send of '4fa8933d-aa99-48b9-ab4f-fe3bee614499' at 2026-02-03T18:53:04.504992Z (tc=bf25593aca464f5ab9fa0dcde93eddc3)
2026-02-03 18:53:04,577 [canton-env-ec-38] INFO  c.d.c.p.p.ParallelMessageDispatcher:participant=participant1/psid=mydomain::12202e2a4840::34-0 tid:bf25593aca464f5ab9fa0dcde93eddc3 - Processing event at sc=11, ts=2026-02-03T18:53:04.504992Z, messageId=4fa8933d-aa99-48b9-ab4f-fe3bee614499, with contents=TopologyTransactionsBroadcast
2026-02-03 18:53:04,578 [canton-env-ec-39] INFO  c.d.c.t.TopologyStateProcessor:sequencer=sequencer1/psid=mydomain::12202e2a4840::34-0 tid:bf25593aca464f5ab9fa0dcde93eddc3 - Storing topology transaction 1/1 TxHash(SHA-256:48bdedadea84...) with ts=EffectiveTime(2026-02-03T18:53:04.754992Z), signedBy=Set(12206142f08a...)
2026-02-03 18:53:04,579 [canton-env-ec-49] INFO  c.d.c.t.TopologyStateProcessor:sequencer=sequencer1/psid=mydomain::12202e2a4840::34-0 tid:bf25593aca464f5ab9fa0dcde93eddc3 - Persisted topology transactions (SequencedTime(2026-02-03T18:53:04.504992Z), EffectiveTime(2026-02-03T18:53:04.754992Z)):
ValidatedTopologyTransaction(
  SignedTopologyTransaction(
    TopologyTransaction(
      PartyToParticipant(partyId = Bank::12206142f08a..., participants = PAR::participant1::12206142f08a... -> Submission),
      serial = 1,
      operation = Replace,
      hash = SHA-256:48bdedadea84...
    ),
    signatures = 12206142f08a...
  )
)
2026-02-03 18:53:04,579 [canton-env-ec-37] INFO  c.d.c.t.TopologyStateProcessor:mediator=mediator1/psid=mydomain::12202e2a4840::34-0 tid:bf25593aca464f5ab9fa0dcde93eddc3 - Storing topology transaction 1/1 TxHash(SHA-256:48bdedadea84...) with ts=EffectiveTime(2026-02-03T18:53:04.754992Z), signedBy=Set(12206142f08a...)
2026-02-03 18:53:04,580 [canton-env-ec-49] INFO  c.d.c.t.TopologyStateProcessor:participant=participant1/psid=mydomain::12202e2a4840::34-0 tid:bf25593aca464f5ab9fa0dcde93eddc3 - Storing topology transaction 1/1 TxHash(SHA-256:48bdedadea84...) with ts=EffectiveTime(2026-02-03T18:53:04.754992Z), signedBy=Set(12206142f08a...)
2026-02-03 18:53:04,580 [canton-env-ec-37] INFO  c.d.c.t.TopologyStateProcessor:mediator=mediator1/psid=mydomain::12202e2a4840::34-0 tid:bf25593aca464f5ab9fa0dcde93eddc3 - Persisted topology transactions (SequencedTime(2026-02-03T18:53:04.504992Z), EffectiveTime(2026-02-03T18:53:04.754992Z)):
ValidatedTopologyTransaction(
  SignedTopologyTransaction(
    TopologyTransaction(
      PartyToParticipant(partyId = Bank::12206142f08a..., participants = PAR::participant1::12206142f08a... -> Submission),
      serial = 1,
      operation = Replace,
      hash = SHA-256:48bdedadea84...
    ),
    signatures = 12206142f08a...
  )
)
2026-02-03 18:53:04,580 [canton-env-ec-47] INFO  c.d.c.t.TopologyStateProcessor:participant=participant1/psid=mydomain::12202e2a4840::34-0 tid:bf25593aca464f5ab9fa0dcde93eddc3 - Persisted topology transactions (SequencedTime(2026-02-03T18:53:04.504992Z), EffectiveTime(2026-02-03T18:53:04.754992Z)):
ValidatedTopologyTransaction(
  SignedTopologyTransaction(
    TopologyTransaction(
      PartyToParticipant(partyId = Bank::12206142f08a..., participants = PAR::participant1::12206142f08a... -> Submission),
      serial = 1,
      operation = Replace,
      hash = SHA-256:48bdedadea84...
    ),
    signatures = 12206142f08a...
  )
)
2026-02-03 18:53:04,582 [input-mapping-pool-15] INFO  c.d.c.p.i.p.ParallelIndexerSubscription:participant=participant1 tid:bf25593aca464f5ab9fa0dcde93eddc3 - Storing at offset=16 SequencerIndexMoved(synchronizerId = mydomain::12202e2a4840..., sequencerTimestamp = 2026-02-03T18:53:04.504992Z)
2026-02-03 18:53:05,652 [canton-env-ec-49] INFO  c.d.c.s.b.u.BlockChunkProcessor:sequencer=sequencer1/psid=mydomain::12202e2a4840::34-0 tid:3e78253de4295961a42c321e2744a4ec - Processing block 13, data chunk 0. Last chunk timestamp=2026-02-03T18:53:04.504992Z, last sequencer event timestamp=Some(2026-02-03T18:53:04.504992Z). 1 events:
  Send of 'time-adv-331ef7d1-24c4-48bf-937a-78b879977c96' at 2026-02-03T18:53:05.569903Z (tc=507b7d5750b09db2169532a046688c9c)
2026-02-03 18:53:05,671 [canton-env-ec-41] INFO  c.d.c.p.p.ParallelMessageDispatcher:participant=participant1/psid=mydomain::12202e2a4840::34-0 tid:507b7d5750b09db2169532a046688c9c - Processing event at sc=12, ts=2026-02-03T18:53:05.569903Z, with contents=TopologyTransactionsBroadcast
2026-02-03 18:53:05,672 [input-mapping-pool-1] INFO  c.d.c.p.i.p.ParallelIndexerSubscription:participant=participant1 tid:bf25593aca464f5ab9fa0dcde93eddc3 - Storing at offset=17 TopologyTransactionEffective(
  effectiveTime = 2026-02-03T18:53:04.754992Z,
  synchronizerId = mydomain::12202e2a4840...,
  updateId = 1220e140be5e9eedf65fe6a8d614a38c715344ec50cd8d4ee7de50dca483f5f5e9c0,
  ...
)
2026-02-03 18:53:05,673 [input-mapping-pool-0] INFO  c.d.c.p.i.p.ParallelIndexerSubscription:participant=participant1 tid:507b7d5750b09db2169532a046688c9c - Storing at offset=18 SequencerIndexMoved(synchronizerId = mydomain::12202e2a4840..., sequencerTimestamp = 2026-02-03T18:53:05.569903Z)
2026-02-03 18:53:05,681 [daml.participant.api.index.db.threadpool.connection.api-server-0] INFO  c.d.c.l.l.PersistentPartyRecordStore:participant=participant1 tid:b593a248daf1f189e381d02a0a4ece55 - Created new party record in participant local store: PartyRecord(party=Bank::12206142f08ae3d17391775a265d64b947099160506e8e59f8f5120c787ed72117fa, metadata=ObjectMeta(None,Map()), identityProviderId=Default)
2026-02-03 18:53:05,764 [canton-env-ec-41] INFO  c.d.c.p.a.s.c.CommandSubmissionServiceImpl:participant=participant1 tid:28e30630f430bd8d41b893f6b6576b63 - Phase 1 started: Submitting commands for interpretation: Commands(
  commandId = b740cbcd-04e0-4cab-aa5b-ec12087a2bd2,
  submissionId = 5ffe268a-38ab-4570-8997-95f37d9291af,
  userId = daml-script,
  actAs = Bank::12206142f08a...,
  submittedAt = 2026-02-03T18:53:05.762369Z,
  ledgerEffectiveTime = 2026-02-03T18:53:05.762366Z,
  deduplicationPeriod = (duration=PT168H),
  ...
).
2026-02-03 18:53:05,768 [canton-env-ec-51] INFO  c.d.c.p.s.CantonSyncService:participant=participant1 tid:28e30630f430bd8d41b893f6b6576b63 - Routing state contains connected synchronizers mydomain::12202e2a4840...::34-0 and topology mydomain::12202e2a4840...::34-0 at 2026-02-03T18:53:05.569904Z
2026-02-03 18:53:06,281 [canton-env-ec-45] INFO  c.d.c.p.p.TransactionProcessor:participant=participant1/psid=mydomain::12202e2a4840::34-0 tid:28e30630f430bd8d41b893f6b6576b63 - Phase 1 completed: Submitting 3 envelopes for Transaction request, submitters Bank::12206142f08a..., command-id b740cbcd-04e0-4cab-aa5b-ec12087a2bd2
2026-02-03 18:53:06,286 [canton-env-ec-45] INFO  c.d.c.s.s.s.GrpcSequencerService:sequencer=sequencer1 tid:28e30630f430bd8d41b893f6b6576b63 - 'PAR::participant1::12206142f08a...' sends request with id 'c6be2d9f-f6e5-4a15-bbfe-380784c09caa' of size 2499 bytes with 3 envelopes.
2026-02-03 18:53:06,367 [canton-env-ec-44] INFO  c.d.c.s.b.u.BlockChunkProcessor:sequencer=sequencer1/psid=mydomain::12202e2a4840::34-0 tid:6658c336afa0f04f62e5770eb5612c79 - Processing block 14, data chunk 0. Last chunk timestamp=2026-02-03T18:53:05.569903Z, last sequencer event timestamp=Some(2026-02-03T18:53:05.569903Z). 1 events:
  Send of 'c6be2d9f-f6e5-4a15-bbfe-380784c09caa' at 2026-02-03T18:53:06.287940Z (tc=28e30630f430bd8d41b893f6b6576b63)
2026-02-03 18:53:06,386 [canton-env-ec-45] INFO  c.d.c.p.p.ParallelMessageDispatcher:participant=participant1/psid=mydomain::12202e2a4840::34-0 tid:28e30630f430bd8d41b893f6b6576b63 - Processing event at sc=13, ts=2026-02-03T18:53:06.287940Z, messageId=c6be2d9f-f6e5-4a15-bbfe-380784c09caa, with contents=Seq(
  RootHashMessage(root hash = SHA-256:ce63472b2c62..., payload size = 0),
  EncryptedViewMessage(
    view hash = ViewHash(SHA-256:879971c1e71a...),
    view type = TransactionViewType,
    size = 1044,
    psid = mydomain::12202e2a4840...::34-0,
    number of view keys = 1,
    view encryption scheme = AES128-GCM
  )
)
2026-02-03 18:53:06,390 [canton-env-ec-50] INFO  c.d.c.p.p.TransactionProcessor:participant=participant1/psid=mydomain::12202e2a4840::34-0 tid:28e30630f430bd8d41b893f6b6576b63 - Phase 3: Validating Transaction request=2026-02-03T18:53:06.287940Z with 1 envelope(s)
2026-02-03 18:53:06,411 [canton-env-ec-48] INFO  c.d.c.s.m.ConfirmationRequestAndResponseProcessor:mediator=mediator1/psid=mydomain::12202e2a4840::34-0 tid:28e30630f430bd8d41b893f6b6576b63 - Phase 2: Registered request=2026-02-03T18:53:06.287940Z with 1 view(s). Initial state: ViewPosition("") -> ViewState(
  quorumsState = Quorum(confirmers = Map(Bank::12206142f08a... -> 1, participant1::12206142f08a... -> 1), threshold = 2),
  consortiumVoting = Map(Bank::12206142f08a... -> ConsortiumVotingState(), participant1::12206142f08a... -> ConsortiumVotingState()),
  rejections = Seq()
)
2026-02-03 18:53:06,473 [canton-env-ec-46] INFO  c.d.c.p.p.TransactionProcessor:participant=participant1/psid=mydomain::12202e2a4840::34-0 tid:28e30630f430bd8d41b893f6b6576b63 - Phase 4: Sending for request=2026-02-03T18:53:06.287940Z with msgId=73297eb9-a033-41e2-8f2b-5fadfd35ae17 approved=1, rejected=0, abstained=0
2026-02-03 18:53:06,477 [canton-env-ec-48] INFO  c.d.c.s.s.s.GrpcSequencerService:sequencer=sequencer1 tid:28e30630f430bd8d41b893f6b6576b63 - 'PAR::participant1::12206142f08a...' sends request with id '73297eb9-a033-41e2-8f2b-5fadfd35ae17' of size 741 bytes with 1 envelopes.
2026-02-03 18:53:06,610 [canton-env-ec-50] INFO  c.d.c.s.b.u.BlockChunkProcessor:sequencer=sequencer1/psid=mydomain::12202e2a4840::34-0 tid:ab7d70d5f02e3f897f0302fb7b66a1fa - Processing block 15, data chunk 0. Last chunk timestamp=2026-02-03T18:53:06.287940Z, last sequencer event timestamp=Some(2026-02-03T18:53:05.569903Z). 1 events:
  Send of '73297eb9-a033-41e2-8f2b-5fadfd35ae17' at 2026-02-03T18:53:06.479190Z (tc=28e30630f430bd8d41b893f6b6576b63)
2026-02-03 18:53:06,622 [canton-env-ec-51] INFO  c.d.c.p.p.ParallelMessageDispatcher:participant=participant1/psid=mydomain::12202e2a4840::34-0 tid:28e30630f430bd8d41b893f6b6576b63 - Processing event at sc=14, ts=2026-02-03T18:53:06.479190Z, messageId=73297eb9-a033-41e2-8f2b-5fadfd35ae17, with contents=Seq()
2026-02-03 18:53:06,628 [canton-env-ec-47] INFO  c.d.c.s.m.ConfirmationRequestAndResponseProcessor:mediator=mediator1/psid=mydomain::12202e2a4840::34-0 tid:28e30630f430bd8d41b893f6b6576b63 - Phase 5: Received responses for request=2026-02-03T18:53:06.287940Z: ConfirmationResponses(
  requestId = RequestId(2026-02-03T18:53:06.287940Z),
  rootHash = SHA-256:ce63472b2c62...,
  sender = PAR::participant1::12206142f08a...,
  psid = mydomain::12202e2a4840...::34-0,
  responses = ConfirmationResponse(viewPosition = ViewPosition(""), localVerdict = LocalApprove(), confirmingParties = Set(Bank::12206142f08a..., participant1::12206142f08a...))
)
2026-02-03 18:53:06,636 [canton-env-ec-41] INFO  c.d.c.s.m.ConfirmationRequestAndResponseProcessor:mediator=mediator1/psid=mydomain::12202e2a4840::34-0 tid:28e30630f430bd8d41b893f6b6576b63 - Phase 6: Finalized request=RequestId(2026-02-03T18:53:06.287940Z) with verdict Approve
2026-02-03 18:53:06,645 [canton-env-ec-37] INFO  c.d.c.s.s.s.GrpcSequencerService:sequencer=sequencer1 tid:28e30630f430bd8d41b893f6b6576b63 - 'MED::mediator1::12205e06b9ef...' sends request with id '384a2195-3f8b-48b3-9b57-4b8e45f9a325' of size 718 bytes with 1 envelopes.
2026-02-03 18:53:06,729 [canton-env-ec-48] INFO  c.d.c.s.b.u.BlockChunkProcessor:sequencer=sequencer1/psid=mydomain::12202e2a4840::34-0 tid:9753d87db290f8a7c61c34e3af9e4eb6 - Processing block 16, data chunk 0. Last chunk timestamp=2026-02-03T18:53:06.479190Z, last sequencer event timestamp=Some(2026-02-03T18:53:05.569903Z). 1 events:
  Send of '384a2195-3f8b-48b3-9b57-4b8e45f9a325' at 2026-02-03T18:53:06.646337Z (tc=28e30630f430bd8d41b893f6b6576b63)
2026-02-03 18:53:06,744 [canton-env-ec-51] INFO  c.d.c.p.p.ParallelMessageDispatcher:participant=participant1/psid=mydomain::12202e2a4840::34-0 tid:28e30630f430bd8d41b893f6b6576b63 - Processing event at sc=15, ts=2026-02-03T18:53:06.646337Z, with contents=SignedProtocolMessage(
  ConfirmationResultMessage(psid = mydomain::12202e2a4840...::34-0, viewType = TransactionViewType, requestId = 2026-02-03T18:53:06.287940Z, rootHash = SHA-256:ce63472b2c62..., verdict = Approve),
  signatures = Signature(signature = 1ac1f6966394, format = Concat, signedBy = 12204a5843b8..., signingAlgorithmSpec = Some(Ed25519))
)
2026-02-03 18:53:06,759 [canton-env-ec-44] INFO  c.d.c.p.p.TransactionProcessor:participant=participant1/psid=mydomain::12202e2a4840::34-0 tid:28e30630f430bd8d41b893f6b6576b63 - Finalizing Transaction request=2026-02-03T18:53:06.287940Z.
2026-02-03 18:53:06,774 [canton-env-ec-47] INFO  c.d.c.p.p.TransactionProcessor:participant=participant1/psid=mydomain::12202e2a4840::34-0 tid:28e30630f430bd8d41b893f6b6576b63 - About to wrap up request RequestId(2026-02-03T18:53:06.287940Z) with event Some(
  SequencedTransactionAccepted(
    recordTime = 2026-02-03T18:53:06.287940Z,
    updateId = 1220ce63472b2c62b3b3d2241d4623a4455aa9c903765600860b8dd8aabc5112f96f,
    transactionMeta = TransactionMeta(ledgerEffectiveTime = 2026-02-03T18:53:05.762366Z, preparationTime = 2026-02-03T18:53:05.762366Z, timeBoundaries = LedgerTimeBoundaries(constrained = true), ...),
    completion = CompletionInfo(
      actAs = Bank::12206142f08a...,
      commandId = b740cbcd-04e0-4cab-aa5b-ec12087a2bd2,
      userId = daml-script,
      deduplication period = (offset=None),
      submissionId = Some(5ffe268a-38ab-4570-8997-95f37d9291af),
      ...
    ),
    nodes = 1,
    roots = 1,
    ...
  )
)
2026-02-03 18:53:06,775 [canton-env-ec-47] INFO  c.d.c.p.p.TransactionProcessor:participant=participant1/psid=mydomain::12202e2a4840::34-0 tid:28e30630f430bd8d41b893f6b6576b63 - Finished async result processing of request RequestId(2026-02-03T18:53:06.287940Z)
2026-02-03 18:53:06,775 [input-mapping-pool-3] INFO  c.d.c.p.i.p.ParallelIndexerSubscription:participant=participant1 tid:28e30630f430bd8d41b893f6b6576b63 - Storing at offset=20 SequencerIndexMoved(synchronizerId = mydomain::12202e2a4840..., sequencerTimestamp = 2026-02-03T18:53:06.479190Z)
2026-02-03 18:53:06,775 [input-mapping-pool-2] INFO  c.d.c.p.i.p.ParallelIndexerSubscription:participant=participant1 tid:28e30630f430bd8d41b893f6b6576b63 - Phase 7: Storing at offset=19 SequencedTransactionAccepted(
  recordTime = 2026-02-03T18:53:06.287940Z,
  updateId = 1220ce63472b2c62b3b3d2241d4623a4455aa9c903765600860b8dd8aabc5112f96f,
  transactionMeta = TransactionMeta(ledgerEffectiveTime = 2026-02-03T18:53:05.762366Z, preparationTime = 2026-02-03T18:53:05.762366Z, timeBoundaries = LedgerTimeBoundaries(constrained = true), ...),
  completion = CompletionInfo(
    actAs = Bank::12206142f08a...,
    commandId = b740cbcd-04e0-4cab-aa5b-ec12087a2bd2,
    userId = daml-script,
    deduplication period = (offset=None),
    submissionId = Some(5ffe268a-38ab-4570-8997-95f37d9291af),
    ...
  ),
  nodes = 1,
  roots = 1,
  ...
)
2026-02-03 18:53:06,776 [input-mapping-pool-4] INFO  c.d.c.p.i.p.ParallelIndexerSubscription:participant=participant1 tid:28e30630f430bd8d41b893f6b6576b63 - Storing at offset=21 SequencerIndexMoved(synchronizerId = mydomain::12202e2a4840..., sequencerTimestamp = 2026-02-03T18:53:06.646337Z)
2026-02-03 18:53:06,790 [canton-env-ec-41] INFO  c.d.c.p.p.AcsCommitmentProcessor:participant=participant1/psid=mydomain::12202e2a4840::34-0 tid:3940ad43b9a2bdc595ec7b43fa305941 - Persisted ACS commitments at RecordTime(timestamp = 0001-01-01T00:00:00Z, tieBreaker = -9223372036854775808) with CommitmentSnapshot(record time = RecordTime(timestamp = 0001-01-01T00:00:00Z, tieBreaker = -9223372036854775808), active = Map(), delta (parties) = Set(), deleted = Set()) in mode Checkpoint
2026-02-03 18:53:06,790 [canton-env-ec-49] INFO  c.d.c.p.p.AcsCommitmentProcessor:participant=participant1/psid=mydomain::12202e2a4840::34-0 tid:3940ad43b9a2bdc595ec7b43fa305941 - Persisted ACS commitments at RecordTime(timestamp = 0001-01-01T00:00:00Z, tieBreaker = -9223372036854775808) with CommitmentSnapshot(record time = RecordTime(timestamp = 0001-01-01T00:00:00Z, tieBreaker = -9223372036854775808), active = Map(), delta (parties) = Set(), deleted = Set()) in mode Checkpoint
2026-02-03 18:53:06,792 [canton-env-ec-38] INFO  c.d.c.p.p.AcsCommitmentProcessor:participant=participant1/psid=mydomain::12202e2a4840::34-0 tid:3940ad43b9a2bdc595ec7b43fa305941 - Processing completed period CommitmentPeriod(fromExclusive = 2026-02-03T18:52:00Z, toInclusive = 2026-02-03T18:53:00Z). Modes: in catch-up mode = false, and if yes, caught up to catch-up boundary false
2026-02-03 18:53:06,794 [canton-env-ec-38] INFO  c.d.c.p.p.AcsCommitmentProcessor:participant=participant1/psid=mydomain::12202e2a4840::34-0 tid:3940ad43b9a2bdc595ec7b43fa305941 - Computing commitments for CommitmentPeriod(fromExclusive = 2026-02-03T18:52:00Z, toInclusive = 2026-02-03T18:53:00Z), number of stakeholder sets: 0
2026-02-03 18:53:06,797 [canton-env-ec-39] INFO  c.d.c.p.a.s.ApiUpdateService:participant=participant1 - Received request for update by ID, updateFormat -> {transaction format: [{filters: {Bank::12206142f08ae3d17391775a265d64b947099160506e8e59f8f5120c787ed72117fa: {templates: [], interfaces: [], all-templates, created_event_blob: false}}, transactionShape: 'LedgerEffects'}], reassignment filters: [], topology format: []}.
2026-02-03 18:53:06,797 [canton-env-ec-38] INFO  c.d.c.p.p.AcsCommitmentProcessor:participant=participant1/psid=mydomain::12202e2a4840::34-0 tid:3940ad43b9a2bdc595ec7b43fa305941 - Computed and stored 0 commitment messages for period CommitmentPeriod(fromExclusive = 2026-02-03T18:52:00Z, toInclusive = 2026-02-03T18:53:00Z)
2026-02-03 18:53:06,799 [canton-env-ec-46] INFO  c.d.c.p.p.AcsCommitmentProcessor:participant=participant1/psid=mydomain::12202e2a4840::34-0 tid:3940ad43b9a2bdc595ec7b43fa305941 - Persisted ACS commitments at RecordTime(timestamp = 0001-01-01T00:00:00Z, tieBreaker = -9223372036854775808) with CommitmentSnapshot(record time = RecordTime(timestamp = 0001-01-01T00:00:00Z, tieBreaker = -9223372036854775808), active = Map(), delta (parties) = Set(), deleted = Set()) in mode Efficiency
2026-02-03 18:53:06,800 [canton-env-ec-38] INFO  c.d.c.p.p.AcsCommitmentProcessor:participant=participant1/psid=mydomain::12202e2a4840::34-0 tid:3940ad43b9a2bdc595ec7b43fa305941 - Processing 0 remote commitments
2026-02-03 18:53:06,801 [canton-env-ec-38] INFO  c.d.c.p.p.AcsCommitmentProcessor:participant=participant1/psid=mydomain::12202e2a4840::34-0 tid:3940ad43b9a2bdc595ec7b43fa305941 - Checked buffered remote commitments up to 2026-02-03T18:53:00Z inclusive and ready to check further ones without buffering
2026-02-03 18:53:06,802 [canton-env-ec-46] INFO  c.d.c.p.p.AcsCommitmentProcessor:participant=participant1/psid=mydomain::12202e2a4840::34-0 tid:3940ad43b9a2bdc595ec7b43fa305941 - Deleted buffered commitments and set last computed and sent timestamp set to 2026-02-03T18:53:00Z
2026-02-03 18:53:19,300 [canton-env-ec-48] INFO  c.d.c.p.a.s.a.ApiPackageManagementService:participant=participant1 tid:e2dd970fa85ad31c9551057f0cba4da6 - Uploading DAR file, submissionId -> 'a9167236-3d87-48f3-85bd-9388ed750a6d'.
2026-02-03 18:53:21,246 [canton-env-ec-46] INFO  c.d.c.p.a.s.a.ApiPartyManagementService:participant=participant1 tid:7afd4d64cd5045b4d226cc5f79c3e779 - Listing known parties.
2026-02-03 18:53:21,310 [canton-env-ec-47] INFO  c.d.c.p.a.s.c.CommandSubmissionServiceImpl:participant=participant1 tid:0b28be6bc4c3fb2f0601c56bfc9d16ed - Phase 1 started: Submitting commands for interpretation: Commands(
  commandId = 601b53fa-dd7e-4187-9f31-785fa74de8d6,
  submissionId = e94497ae-e531-4408-bd58-0f7f803eb998,
  userId = daml-script,
  actAs = Bank::12206142f08a...,
  submittedAt = 2026-02-03T18:53:21.309945Z,
  ledgerEffectiveTime = 2026-02-03T18:53:21.309945Z,
  deduplicationPeriod = (duration=PT168H),
  ...
).
2026-02-03 18:53:21,311 [canton-env-ec-50] INFO  c.d.c.p.s.CantonSyncService:participant=participant1 tid:0b28be6bc4c3fb2f0601c56bfc9d16ed - Routing state contains connected synchronizers mydomain::12202e2a4840...::34-0 and topology mydomain::12202e2a4840...::34-0 at 2026-02-03T18:53:06.646338Z
2026-02-03 18:53:21,332 [canton-env-ec-47] INFO  c.d.c.p.p.TransactionProcessor:participant=participant1/psid=mydomain::12202e2a4840::34-0 tid:0b28be6bc4c3fb2f0601c56bfc9d16ed - Phase 1 completed: Submitting 3 envelopes for Transaction request, submitters Bank::12206142f08a..., command-id 601b53fa-dd7e-4187-9f31-785fa74de8d6
2026-02-03 18:53:21,336 [canton-env-ec-50] INFO  c.d.c.s.s.s.GrpcSequencerService:sequencer=sequencer1 tid:0b28be6bc4c3fb2f0601c56bfc9d16ed - 'PAR::participant1::12206142f08a...' sends request with id 'c0ea40f0-66c1-4095-b60b-8a921615bba7' of size 2513 bytes with 3 envelopes.
2026-02-03 18:53:21,369 [canton-env-ec-50] INFO  c.d.c.s.b.u.BlockChunkProcessor:sequencer=sequencer1/psid=mydomain::12202e2a4840::34-0 tid:ae46712584f7e1251726044a2b182863 - Processing block 17, data chunk 0. Last chunk timestamp=2026-02-03T18:53:06.646337Z, last sequencer event timestamp=Some(2026-02-03T18:53:05.569903Z). 1 events:
  Send of 'c0ea40f0-66c1-4095-b60b-8a921615bba7' at 2026-02-03T18:53:21.338071Z (tc=0b28be6bc4c3fb2f0601c56bfc9d16ed)
2026-02-03 18:53:21,379 [canton-env-ec-47] INFO  c.d.c.p.p.ParallelMessageDispatcher:participant=participant1/psid=mydomain::12202e2a4840::34-0 tid:0b28be6bc4c3fb2f0601c56bfc9d16ed - Processing event at sc=16, ts=2026-02-03T18:53:21.338071Z, messageId=c0ea40f0-66c1-4095-b60b-8a921615bba7, with contents=Seq(
  RootHashMessage(root hash = SHA-256:913cf0c12dc3..., payload size = 0),
  EncryptedViewMessage(
    view hash = ViewHash(SHA-256:2785fd4a0ce9...),
    view type = TransactionViewType,
    size = 1043,
    psid = mydomain::12202e2a4840...::34-0,
    number of view keys = 1,
    view encryption scheme = AES128-GCM
  )
)
2026-02-03 18:53:21,380 [canton-env-ec-50] INFO  c.d.c.p.p.TransactionProcessor:participant=participant1/psid=mydomain::12202e2a4840::34-0 tid:0b28be6bc4c3fb2f0601c56bfc9d16ed - Phase 3: Validating Transaction request=2026-02-03T18:53:21.338071Z with 1 envelope(s)
2026-02-03 18:53:21,384 [canton-env-ec-51] INFO  c.d.c.s.m.ConfirmationRequestAndResponseProcessor:mediator=mediator1/psid=mydomain::12202e2a4840::34-0 tid:0b28be6bc4c3fb2f0601c56bfc9d16ed - Phase 2: Registered request=2026-02-03T18:53:21.338071Z with 1 view(s). Initial state: ViewPosition("") -> ViewState(
  quorumsState = Quorum(confirmers = Map(Bank::12206142f08a... -> 1, participant1::12206142f08a... -> 1), threshold = 2),
  consortiumVoting = Map(Bank::12206142f08a... -> ConsortiumVotingState(), participant1::12206142f08a... -> ConsortiumVotingState()),
  rejections = Seq()
)
2026-02-03 18:53:21,393 [canton-env-ec-50] INFO  c.d.c.p.p.TransactionProcessor:participant=participant1/psid=mydomain::12202e2a4840::34-0 tid:0b28be6bc4c3fb2f0601c56bfc9d16ed - Phase 4: Sending for request=2026-02-03T18:53:21.338071Z with msgId=8ef63420-3e5b-4f0d-80a7-858211fd67f3 approved=1, rejected=0, abstained=0
2026-02-03 18:53:21,397 [canton-env-ec-39] INFO  c.d.c.s.s.s.GrpcSequencerService:sequencer=sequencer1 tid:0b28be6bc4c3fb2f0601c56bfc9d16ed - 'PAR::participant1::12206142f08a...' sends request with id '8ef63420-3e5b-4f0d-80a7-858211fd67f3' of size 748 bytes with 1 envelopes.
2026-02-03 18:53:21,487 [canton-env-ec-50] INFO  c.d.c.s.b.u.BlockChunkProcessor:sequencer=sequencer1/psid=mydomain::12202e2a4840::34-0 tid:52940d60945803f1b90ca6c515505c97 - Processing block 18, data chunk 0. Last chunk timestamp=2026-02-03T18:53:21.338071Z, last sequencer event timestamp=Some(2026-02-03T18:53:05.569903Z). 1 events:
  Send of '8ef63420-3e5b-4f0d-80a7-858211fd67f3' at 2026-02-03T18:53:21.398288Z (tc=0b28be6bc4c3fb2f0601c56bfc9d16ed)
2026-02-03 18:53:21,497 [canton-env-ec-44] INFO  c.d.c.p.p.ParallelMessageDispatcher:participant=participant1/psid=mydomain::12202e2a4840::34-0 tid:0b28be6bc4c3fb2f0601c56bfc9d16ed - Processing event at sc=17, ts=2026-02-03T18:53:21.398288Z, messageId=8ef63420-3e5b-4f0d-80a7-858211fd67f3, with contents=Seq()
2026-02-03 18:53:21,498 [canton-env-ec-39] INFO  c.d.c.s.m.ConfirmationRequestAndResponseProcessor:mediator=mediator1/psid=mydomain::12202e2a4840::34-0 tid:0b28be6bc4c3fb2f0601c56bfc9d16ed - Phase 5: Received responses for request=2026-02-03T18:53:21.338071Z: ConfirmationResponses(
  requestId = RequestId(2026-02-03T18:53:21.338071Z),
  rootHash = SHA-256:913cf0c12dc3...,
  sender = PAR::participant1::12206142f08a...,
  psid = mydomain::12202e2a4840...::34-0,
  responses = ConfirmationResponse(viewPosition = ViewPosition(""), localVerdict = LocalApprove(), confirmingParties = Set(Bank::12206142f08a..., participant1::12206142f08a...))
)
2026-02-03 18:53:21,500 [canton-env-ec-44] INFO  c.d.c.s.m.ConfirmationRequestAndResponseProcessor:mediator=mediator1/psid=mydomain::12202e2a4840::34-0 tid:0b28be6bc4c3fb2f0601c56bfc9d16ed - Phase 6: Finalized request=RequestId(2026-02-03T18:53:21.338071Z) with verdict Approve
2026-02-03 18:53:21,508 [canton-env-ec-44] INFO  c.d.c.s.s.s.GrpcSequencerService:sequencer=sequencer1 tid:0b28be6bc4c3fb2f0601c56bfc9d16ed - 'MED::mediator1::12205e06b9ef...' sends request with id '3301388c-513d-4e8b-acac-66c35fe885e8' of size 718 bytes with 1 envelopes.
2026-02-03 18:53:21,609 [canton-env-ec-39] INFO  c.d.c.s.b.u.BlockChunkProcessor:sequencer=sequencer1/psid=mydomain::12202e2a4840::34-0 tid:c76d02f3a01c6a33c8e4e7ca1631bd19 - Processing block 19, data chunk 0. Last chunk timestamp=2026-02-03T18:53:21.398288Z, last sequencer event timestamp=Some(2026-02-03T18:53:05.569903Z). 1 events:
  Send of '3301388c-513d-4e8b-acac-66c35fe885e8' at 2026-02-03T18:53:21.509699Z (tc=0b28be6bc4c3fb2f0601c56bfc9d16ed)
2026-02-03 18:53:21,622 [canton-env-ec-46] INFO  c.d.c.p.p.ParallelMessageDispatcher:participant=participant1/psid=mydomain::12202e2a4840::34-0 tid:0b28be6bc4c3fb2f0601c56bfc9d16ed - Processing event at sc=18, ts=2026-02-03T18:53:21.509699Z, with contents=SignedProtocolMessage(
  ConfirmationResultMessage(psid = mydomain::12202e2a4840...::34-0, viewType = TransactionViewType, requestId = 2026-02-03T18:53:21.338071Z, rootHash = SHA-256:913cf0c12dc3..., verdict = Approve),
  signatures = Signature(signature = af51f7531c30, format = Concat, signedBy = 12204a5843b8..., signingAlgorithmSpec = Some(Ed25519))
)
2026-02-03 18:53:21,625 [canton-env-ec-47] INFO  c.d.c.p.p.TransactionProcessor:participant=participant1/psid=mydomain::12202e2a4840::34-0 tid:0b28be6bc4c3fb2f0601c56bfc9d16ed - Finalizing Transaction request=2026-02-03T18:53:21.338071Z.
2026-02-03 18:53:21,627 [canton-env-ec-48] INFO  c.d.c.p.p.TransactionProcessor:participant=participant1/psid=mydomain::12202e2a4840::34-0 tid:0b28be6bc4c3fb2f0601c56bfc9d16ed - About to wrap up request RequestId(2026-02-03T18:53:21.338071Z) with event Some(
  SequencedTransactionAccepted(
    recordTime = 2026-02-03T18:53:21.338071Z,
    updateId = 1220913cf0c12dc354883228e4482fff8bfc7801194bc3a773fc4a8b304a914dcea3,
    transactionMeta = TransactionMeta(ledgerEffectiveTime = 2026-02-03T18:53:21.309945Z, preparationTime = 2026-02-03T18:53:21.309945Z, timeBoundaries = LedgerTimeBoundaries(constrained = true), ...),
    completion = CompletionInfo(
      actAs = Bank::12206142f08a...,
      commandId = 601b53fa-dd7e-4187-9f31-785fa74de8d6,
      userId = daml-script,
      deduplication period = (offset=None),
      submissionId = Some(e94497ae-e531-4408-bd58-0f7f803eb998),
      ...
    ),
    nodes = 1,
    roots = 1,
    ...
  )
)
2026-02-03 18:53:21,627 [canton-env-ec-51] INFO  c.d.c.p.p.TransactionProcessor:participant=participant1/psid=mydomain::12202e2a4840::34-0 tid:0b28be6bc4c3fb2f0601c56bfc9d16ed - Finished async result processing of request RequestId(2026-02-03T18:53:21.338071Z)
2026-02-03 18:53:21,628 [input-mapping-pool-6] INFO  c.d.c.p.i.p.ParallelIndexerSubscription:participant=participant1 tid:0b28be6bc4c3fb2f0601c56bfc9d16ed - Storing at offset=23 SequencerIndexMoved(synchronizerId = mydomain::12202e2a4840..., sequencerTimestamp = 2026-02-03T18:53:21.398288Z)
2026-02-03 18:53:21,628 [input-mapping-pool-5] INFO  c.d.c.p.i.p.ParallelIndexerSubscription:participant=participant1 tid:0b28be6bc4c3fb2f0601c56bfc9d16ed - Phase 7: Storing at offset=22 SequencedTransactionAccepted(
  recordTime = 2026-02-03T18:53:21.338071Z,
  updateId = 1220913cf0c12dc354883228e4482fff8bfc7801194bc3a773fc4a8b304a914dcea3,
  transactionMeta = TransactionMeta(ledgerEffectiveTime = 2026-02-03T18:53:21.309945Z, preparationTime = 2026-02-03T18:53:21.309945Z, timeBoundaries = LedgerTimeBoundaries(constrained = true), ...),
  completion = CompletionInfo(
    actAs = Bank::12206142f08a...,
    commandId = 601b53fa-dd7e-4187-9f31-785fa74de8d6,
    userId = daml-script,
    deduplication period = (offset=None),
    submissionId = Some(e94497ae-e531-4408-bd58-0f7f803eb998),
    ...
  ),
  nodes = 1,
  roots = 1,
  ...
)
2026-02-03 18:53:21,628 [input-mapping-pool-6] INFO  c.d.c.p.i.p.ParallelIndexerSubscription:participant=participant1 tid:0b28be6bc4c3fb2f0601c56bfc9d16ed - Storing at offset=24 SequencerIndexMoved(synchronizerId = mydomain::12202e2a4840..., sequencerTimestamp = 2026-02-03T18:53:21.509699Z)
2026-02-03 18:53:21,636 [canton-env-ec-37] INFO  c.d.c.p.a.s.ApiUpdateService:participant=participant1 - Received request for update by ID, updateFormat -> {transaction format: [{filters: {Bank::12206142f08ae3d17391775a265d64b947099160506e8e59f8f5120c787ed72117fa: {templates: [], interfaces: [], all-templates, created_event_blob: false}}, transactionShape: 'LedgerEffects'}], reassignment filters: [], topology format: []}.
2026-02-03 18:53:24,295 [canton-env-ec-44] INFO  c.d.c.p.a.s.a.ApiPartyManagementService:participant=participant1 tid:8bcc4c944d7498ba478c731042f7b120 - Listing known parties.
2026-02-03 18:53:24,383 [canton-env-ec-50] INFO  c.d.c.p.a.s.ApiStateService:participant=participant1 tid:63c47bdd33acfddc84798b10c1e46b8d - Received request for active contracts: GetActiveContractsRequest(24,Some(EventFormat(Map(Alice::12206142f08ae3d17391775a265d64b947099160506e8e59f8f5120c787ed72117fa -> Filters(Vector(CumulativeFilter(TemplateFilter(TemplateFilter(Some(Identifier(#my-app-main,Coin,Coin)),true)))))),None,false))), filters -> {Alice::12206142f08ae3d17391775a265d64b947099160506e8e59f8f5120c787ed72117fa: {templates: ['#my-app-main:Coin:Coin'], interfaces: []}}.
2026-02-03 18:53:24,498 [canton-env-ec-41] INFO  c.d.c.p.a.s.ApiStateService:participant=participant1 tid:9798db2213daa55e7b6fd999699f62fa - Received request for active contracts: GetActiveContractsRequest(24,Some(EventFormat(Map(Bob::12206142f08ae3d17391775a265d64b947099160506e8e59f8f5120c787ed72117fa -> Filters(Vector(CumulativeFilter(TemplateFilter(TemplateFilter(Some(Identifier(#my-app-main,Coin,Coin)),true)))))),None,false))), filters -> {Bob::12206142f08ae3d17391775a265d64b947099160506e8e59f8f5120c787ed72117fa: {templates: ['#my-app-main:Coin:Coin'], interfaces: []}}.
2026-02-03 18:53:24,510 [canton-env-ec-37] INFO  c.d.c.p.a.s.ApiStateService:participant=participant1 tid:f886a20f4cc5411a447d48782e3d190e - Received request for active contracts: GetActiveContractsRequest(24,Some(EventFormat(Map(Alice::12206142f08ae3d17391775a265d64b947099160506e8e59f8f5120c787ed72117fa -> Filters(Vector(CumulativeFilter(TemplateFilter(TemplateFilter(Some(Identifier(#my-app-main,Coin,Coin)),true)))))),None,false))), filters -> {Alice::12206142f08ae3d17391775a265d64b947099160506e8e59f8f5120c787ed72117fa: {templates: ['#my-app-main:Coin:Coin'], interfaces: []}}.
2026-02-03 18:53:24,559 [canton-env-ec-51] INFO  c.d.c.p.a.s.c.CommandSubmissionServiceImpl:participant=participant1 tid:a61003326cc4c545f65952f39cf1d564 - Phase 1 started: Submitting commands for interpretation: Commands(
  commandId = ed0db80c-c9b1-4973-bbbf-d42d64f678e6,
  submissionId = 2e1ea2bd-9cc4-44b5-9144-513ffa40de41,
  userId = daml-script,
  actAs = Alice::12206142f08a...,
  submittedAt = 2026-02-03T18:53:24.559031Z,
  ledgerEffectiveTime = 2026-02-03T18:53:24.559030Z,
  deduplicationPeriod = (duration=PT168H),
  ...
).
2026-02-03 18:53:24,560 [canton-env-ec-37] INFO  c.d.c.p.s.CantonSyncService:participant=participant1 tid:a61003326cc4c545f65952f39cf1d564 - Routing state contains connected synchronizers mydomain::12202e2a4840...::34-0 and topology mydomain::12202e2a4840...::34-0 at 2026-02-03T18:53:21.509700Z
2026-02-03 18:53:24,630 [canton-env-ec-46] INFO  c.d.c.p.p.TransactionProcessor:participant=participant1/psid=mydomain::12202e2a4840::34-0 tid:a61003326cc4c545f65952f39cf1d564 - Phase 1 completed: Submitting 3 envelopes for Transaction request, submitters Alice::12206142f08a..., command-id ed0db80c-c9b1-4973-bbbf-d42d64f678e6
2026-02-03 18:53:24,635 [canton-env-ec-46] INFO  c.d.c.s.s.s.GrpcSequencerService:sequencer=sequencer1 tid:a61003326cc4c545f65952f39cf1d564 - 'PAR::participant1::12206142f08a...' sends request with id 'b2f94746-2da1-4586-9594-af667e688511' of size 2877 bytes with 3 envelopes.
2026-02-03 18:53:24,729 [canton-env-ec-49] INFO  c.d.c.s.b.u.BlockChunkProcessor:sequencer=sequencer1/psid=mydomain::12202e2a4840::34-0 tid:9df242af9ce12322b9f9ffeae4f34d68 - Processing block 20, data chunk 0. Last chunk timestamp=2026-02-03T18:53:21.509699Z, last sequencer event timestamp=Some(2026-02-03T18:53:05.569903Z). 1 events:
  Send of 'b2f94746-2da1-4586-9594-af667e688511' at 2026-02-03T18:53:24.637320Z (tc=a61003326cc4c545f65952f39cf1d564)
2026-02-03 18:53:24,742 [canton-env-ec-39] INFO  c.d.c.p.p.ParallelMessageDispatcher:participant=participant1/psid=mydomain::12202e2a4840::34-0 tid:a61003326cc4c545f65952f39cf1d564 - Processing event at sc=19, ts=2026-02-03T18:53:24.637320Z, messageId=b2f94746-2da1-4586-9594-af667e688511, with contents=Seq(
  RootHashMessage(root hash = SHA-256:82ac265ff3d8..., payload size = 0),
  EncryptedViewMessage(
    view hash = ViewHash(SHA-256:2e216779a3de...),
    view type = TransactionViewType,
    size = 1390,
    psid = mydomain::12202e2a4840...::34-0,
    number of view keys = 1,
    view encryption scheme = AES128-GCM
  )
)
2026-02-03 18:53:24,743 [canton-env-ec-41] INFO  c.d.c.p.p.TransactionProcessor:participant=participant1/psid=mydomain::12202e2a4840::34-0 tid:a61003326cc4c545f65952f39cf1d564 - Phase 3: Validating Transaction request=2026-02-03T18:53:24.637320Z with 1 envelope(s)
2026-02-03 18:53:24,749 [canton-env-ec-37] INFO  c.d.c.s.m.ConfirmationRequestAndResponseProcessor:mediator=mediator1/psid=mydomain::12202e2a4840::34-0 tid:a61003326cc4c545f65952f39cf1d564 - Phase 2: Registered request=2026-02-03T18:53:24.637320Z with 1 view(s). Initial state: ViewPosition("") -> ViewState(
  quorumsState = Seq(
    Quorum(confirmers = Map(Alice::12206142f08a... -> 1, Bank::12206142f08a... -> 1, participant1::12206142f08a... -> 1), threshold = 3),
    Quorum(confirmers = Bank::12206142f08a... -> 1, threshold = 1)
  ),
  consortiumVoting = Map(Alice::12206142f08a... -> ConsortiumVotingState(), Bank::12206142f08a... -> ConsortiumVotingState(), participant1::12206142f08a... -> ConsortiumVotingState()),
  rejections = Seq()
)
2026-02-03 18:53:24,770 [canton-env-ec-38] INFO  c.d.c.p.p.TransactionProcessor:participant=participant1/psid=mydomain::12202e2a4840::34-0 tid:a61003326cc4c545f65952f39cf1d564 - Phase 4: Sending for request=2026-02-03T18:53:24.637320Z with msgId=0d4aad9b-da25-4694-b1d7-7abe17b18cf2 approved=1, rejected=0, abstained=0
2026-02-03 18:53:24,773 [canton-env-ec-38] INFO  c.d.c.s.s.s.GrpcSequencerService:sequencer=sequencer1 tid:a61003326cc4c545f65952f39cf1d564 - 'PAR::participant1::12206142f08a...' sends request with id '0d4aad9b-da25-4694-b1d7-7abe17b18cf2' of size 756 bytes with 1 envelopes.
2026-02-03 18:53:24,849 [canton-env-ec-48] INFO  c.d.c.s.b.u.BlockChunkProcessor:sequencer=sequencer1/psid=mydomain::12202e2a4840::34-0 tid:38436c2a220a24602e30df629e72cad4 - Processing block 21, data chunk 0. Last chunk timestamp=2026-02-03T18:53:24.637320Z, last sequencer event timestamp=Some(2026-02-03T18:53:05.569903Z). 1 events:
  Send of '0d4aad9b-da25-4694-b1d7-7abe17b18cf2' at 2026-02-03T18:53:24.775405Z (tc=a61003326cc4c545f65952f39cf1d564)
2026-02-03 18:53:24,859 [canton-env-ec-45] INFO  c.d.c.p.p.ParallelMessageDispatcher:participant=participant1/psid=mydomain::12202e2a4840::34-0 tid:a61003326cc4c545f65952f39cf1d564 - Processing event at sc=20, ts=2026-02-03T18:53:24.775405Z, messageId=0d4aad9b-da25-4694-b1d7-7abe17b18cf2, with contents=Seq()
2026-02-03 18:53:24,860 [canton-env-ec-48] INFO  c.d.c.s.m.ConfirmationRequestAndResponseProcessor:mediator=mediator1/psid=mydomain::12202e2a4840::34-0 tid:a61003326cc4c545f65952f39cf1d564 - Phase 5: Received responses for request=2026-02-03T18:53:24.637320Z: ConfirmationResponses(
  requestId = RequestId(2026-02-03T18:53:24.637320Z),
  rootHash = SHA-256:82ac265ff3d8...,
  sender = PAR::participant1::12206142f08a...,
  psid = mydomain::12202e2a4840...::34-0,
  responses = ConfirmationResponse(viewPosition = ViewPosition(""), localVerdict = LocalApprove(), confirmingParties = Set(Alice::12206142f08a..., Bank::12206142f08a..., participant1::12206142f08a...))
)
2026-02-03 18:53:24,863 [canton-env-ec-47] INFO  c.d.c.s.m.ConfirmationRequestAndResponseProcessor:mediator=mediator1/psid=mydomain::12202e2a4840::34-0 tid:a61003326cc4c545f65952f39cf1d564 - Phase 6: Finalized request=RequestId(2026-02-03T18:53:24.637320Z) with verdict Approve
2026-02-03 18:53:24,869 [canton-env-ec-48] INFO  c.d.c.s.s.s.GrpcSequencerService:sequencer=sequencer1 tid:a61003326cc4c545f65952f39cf1d564 - 'MED::mediator1::12205e06b9ef...' sends request with id 'cd06d97a-84d1-4bf5-bc69-b9aa9575737b' of size 714 bytes with 1 envelopes.
2026-02-03 18:53:24,969 [canton-env-ec-51] INFO  c.d.c.s.b.u.BlockChunkProcessor:sequencer=sequencer1/psid=mydomain::12202e2a4840::34-0 tid:bf5672e7d05fd30fbf4f6641033a3a08 - Processing block 22, data chunk 0. Last chunk timestamp=2026-02-03T18:53:24.775405Z, last sequencer event timestamp=Some(2026-02-03T18:53:05.569903Z). 1 events:
  Send of 'cd06d97a-84d1-4bf5-bc69-b9aa9575737b' at 2026-02-03T18:53:24.870988Z (tc=a61003326cc4c545f65952f39cf1d564)
2026-02-03 18:53:24,981 [canton-env-ec-50] INFO  c.d.c.p.p.ParallelMessageDispatcher:participant=participant1/psid=mydomain::12202e2a4840::34-0 tid:a61003326cc4c545f65952f39cf1d564 - Processing event at sc=21, ts=2026-02-03T18:53:24.870988Z, with contents=SignedProtocolMessage(
  ConfirmationResultMessage(psid = mydomain::12202e2a4840...::34-0, viewType = TransactionViewType, requestId = 2026-02-03T18:53:24.637320Z, rootHash = SHA-256:82ac265ff3d8..., verdict = Approve),
  signatures = Signature(signature = 1b336b41d4cb, format = Concat, signedBy = 12204a5843b8..., signingAlgorithmSpec = Some(Ed25519))
)
2026-02-03 18:53:24,986 [canton-env-ec-49] INFO  c.d.c.p.p.TransactionProcessor:participant=participant1/psid=mydomain::12202e2a4840::34-0 tid:a61003326cc4c545f65952f39cf1d564 - Finalizing Transaction request=2026-02-03T18:53:24.637320Z.
2026-02-03 18:53:24,993 [canton-env-ec-45] INFO  c.d.c.p.p.TransactionProcessor:participant=participant1/psid=mydomain::12202e2a4840::34-0 tid:a61003326cc4c545f65952f39cf1d564 - About to wrap up request RequestId(2026-02-03T18:53:24.637320Z) with event Some(
  SequencedTransactionAccepted(
    recordTime = 2026-02-03T18:53:24.637320Z,
    updateId = 122082ac265ff3d88ca96eef7c00888194945c1a48b9f9de2d6e65b2526241e21110,
    transactionMeta = TransactionMeta(ledgerEffectiveTime = 2026-02-03T18:53:24.559030Z, preparationTime = 2026-02-03T18:53:24.559030Z, timeBoundaries = LedgerTimeBoundaries(constrained = true), ...),
    completion = CompletionInfo(
      actAs = Alice::12206142f08a...,
      commandId = ed0db80c-c9b1-4973-bbbf-d42d64f678e6,
      userId = daml-script,
      deduplication period = (offset=None),
      submissionId = Some(2e1ea2bd-9cc4-44b5-9144-513ffa40de41),
      ...
    ),
    nodes = 3,
    roots = 1,
    ...
  )
)
2026-02-03 18:53:24,994 [canton-env-ec-48] INFO  c.d.c.p.p.TransactionProcessor:participant=participant1/psid=mydomain::12202e2a4840::34-0 tid:a61003326cc4c545f65952f39cf1d564 - Finished async result processing of request RequestId(2026-02-03T18:53:24.637320Z)
2026-02-03 18:53:24,994 [input-mapping-pool-9] INFO  c.d.c.p.i.p.ParallelIndexerSubscription:participant=participant1 tid:a61003326cc4c545f65952f39cf1d564 - Storing at offset=26 SequencerIndexMoved(synchronizerId = mydomain::12202e2a4840..., sequencerTimestamp = 2026-02-03T18:53:24.775405Z)
2026-02-03 18:53:24,994 [input-mapping-pool-8] INFO  c.d.c.p.i.p.ParallelIndexerSubscription:participant=participant1 tid:a61003326cc4c545f65952f39cf1d564 - Phase 7: Storing at offset=25 SequencedTransactionAccepted(
  recordTime = 2026-02-03T18:53:24.637320Z,
  updateId = 122082ac265ff3d88ca96eef7c00888194945c1a48b9f9de2d6e65b2526241e21110,
  transactionMeta = TransactionMeta(ledgerEffectiveTime = 2026-02-03T18:53:24.559030Z, preparationTime = 2026-02-03T18:53:24.559030Z, timeBoundaries = LedgerTimeBoundaries(constrained = true), ...),
  completion = CompletionInfo(
    actAs = Alice::12206142f08a...,
    commandId = ed0db80c-c9b1-4973-bbbf-d42d64f678e6,
    userId = daml-script,
    deduplication period = (offset=None),
    submissionId = Some(2e1ea2bd-9cc4-44b5-9144-513ffa40de41),
    ...
  ),
  nodes = 3,
  roots = 1,
  ...
)
2026-02-03 18:53:24,995 [input-mapping-pool-9] INFO  c.d.c.p.i.p.ParallelIndexerSubscription:participant=participant1 tid:a61003326cc4c545f65952f39cf1d564 - Storing at offset=27 SequencerIndexMoved(synchronizerId = mydomain::12202e2a4840..., sequencerTimestamp = 2026-02-03T18:53:24.870988Z)
2026-02-03 18:53:25,015 [canton-env-ec-39] INFO  c.d.c.p.a.s.ApiUpdateService:participant=participant1 - Received request for update by ID, updateFormat -> {transaction format: [{filters: {Alice::12206142f08ae3d17391775a265d64b947099160506e8e59f8f5120c787ed72117fa: {templates: [], interfaces: [], all-templates, created_event_blob: false}}, transactionShape: 'LedgerEffects'}], reassignment filters: [], topology format: []}.
2026-02-03 18:53:25,066 [canton-env-ec-44] INFO  c.d.c.p.a.s.ApiStateService:participant=participant1 tid:3c0c1fc04db22cdb46b2f9d7429edec3 - Received request for active contracts: GetActiveContractsRequest(27,Some(EventFormat(Map(Alice::12206142f08ae3d17391775a265d64b947099160506e8e59f8f5120c787ed72117fa -> Filters(Vector(CumulativeFilter(TemplateFilter(TemplateFilter(Some(Identifier(#my-app-main,Coin,Coin)),true)))))),None,false))), filters -> {Alice::12206142f08ae3d17391775a265d64b947099160506e8e59f8f5120c787ed72117fa: {templates: ['#my-app-main:Coin:Coin'], interfaces: []}}.
2026-02-03 18:53:25,081 [canton-env-ec-44] INFO  c.d.c.p.a.s.ApiStateService:participant=participant1 tid:5c88020f8e092d457c957ec1f0920348 - Received request for active contracts: GetActiveContractsRequest(27,Some(EventFormat(Map(Bob::12206142f08ae3d17391775a265d64b947099160506e8e59f8f5120c787ed72117fa -> Filters(Vector(CumulativeFilter(TemplateFilter(TemplateFilter(Some(Identifier(#my-app-main,Coin,Coin)),true)))))),None,false))), filters -> {Bob::12206142f08ae3d17391775a265d64b947099160506e8e59f8f5120c787ed72117fa: {templates: ['#my-app-main:Coin:Coin'], interfaces: []}}.
2026-02-03 18:53:26,030 [canton-env-ec-45] INFO  c.d.c.p.a.s.ApiEventQueryService:participant=participant1 tid:5816533b4c227e526ee5a580f7ffa08d - Received request for events by contract ID
2026-02-03 18:53:26,775 [Thread-0] INFO  c.d.canton.CantonCommunityApp$ - Shutting down...
2026-02-03 18:53:26,777 [Thread-0] INFO  c.d.canton.environment.Environment - Closing environment...
2026-02-03 18:53:26,784 [canton-env-ec-38] INFO  c.d.c.l.a.ApiRequestLogger:participant=participant1 tid:5516b8065a4b642da810bbe0a396920b - Request c.d.l.a.v.UpdateService/GetUpdates by grpc:/[0:0:0:0:0:0:0:1]:44280: cancelled
2026-02-03 18:53:26,785 [canton-env-ec-44] INFO  c.d.c.p.LifeCycleContainer:participant=participant1 - Closing current ledger-api-server (com.digitalasset.canton.participant.ledger.api.LedgerApiServer@26f9c58e)
2026-02-03 18:53:26,786 [canton-env-ec-45] INFO  c.d.c.h.HttpService:participant=participant1 - Stopping JSON API server..., context: {instance_uuid -> 'cf935311-eae1-49f2-8a2a-ddc11331508b'}
2026-02-03 18:53:26,799 [http-json-ledger-api-pekko.actor.default-dispatcher-7] INFO  o.a.pekko.actor.CoordinatedShutdown - Running CoordinatedShutdown with reason [ActorSystemTerminateReason]
2026-02-03 18:53:26,816 [canton-env-ec-48] INFO  c.d.c.p.l.a.LedgerApiServer:participant=participant1 - JSON-API HTTP Server is released
2026-02-03 18:53:26,816 [canton-env-ec-49] INFO  c.d.c.p.l.a.LedgerApiServer:participant=participant1 - JSON-API gRPC channel is released
2026-02-03 18:53:26,818 [canton-env-ec-39] INFO  c.d.c.p.a.LedgerApiService$:participant=participant1 - GrpcServer released
2026-02-03 18:53:26,819 [canton-env-ec-39] INFO  c.d.c.p.a.s.c.CommandServiceImpl:participant=participant1 - Shutting down Command Service.
2026-02-03 18:53:26,819 [canton-env-ec-39] INFO  c.d.c.p.a.ApiServicesBundle:participant=participant1 - Successfully closed all API services
2026-02-03 18:53:26,820 [canton-env-ec-41] INFO  c.d.c.p.a.ApiServiceOwner$:participant=participant1 - LedgerApiService is released
2026-02-03 18:53:26,821 [canton-env-ec-51] INFO  c.d.c.p.a.ApiServiceOwner$:participant=participant1 - ExecutionSequencerFactory is released for LedgerApiService
2026-02-03 18:53:26,822 [canton-env-ec-37] INFO  c.d.c.p.l.a.LedgerApiServer:participant=participant1 - ReadApiServiceExecutionContext released
2026-02-03 18:53:26,824 [canton-env-ec-50] INFO  c.d.c.p.l.a.LedgerApiServer:participant=participant1 - ContractLoader released
2026-02-03 18:53:26,824 [canton-env-ec-44] INFO  c.d.c.p.LifeCycleContainer:participant=participant1 - Closed current ledger-api-server (com.digitalasset.canton.participant.ledger.api.LedgerApiServer@26f9c58e)
2026-02-03 18:53:26,825 [canton-env-ec-44] INFO  c.d.c.p.s.ParticipantPruningScheduler:participant=participant1 - Stopping scheduler
2026-02-03 18:53:26,825 [canton-env-ec-44] INFO  c.d.c.p.s.ParticipantPruningScheduler:participant=participant1 - Stopped scheduler
2026-02-03 18:53:26,825 [canton-env-ec-44] INFO  c.d.c.s.SchedulersImpl:participant=participant1 - Stopped 1 scheduler(s)
2026-02-03 18:53:26,838 [canton-env-ec-44] INFO  c.d.c.p.s.ConnectedSynchronizer:participant=participant1/psid=mydomain::12202e2a4840::34-0 - 'connected-synchronizer' is now in state Failed(Disconnected from synchronizer). Previous state was Ok().
2026-02-03 18:53:26,839 [canton-env-ec-44] INFO  c.d.c.h.MutableHealthComponent:participant=participant1 - 'connected-synchronizer' is now in state Failed(Disconnected from synchronizer). Previous state was Ok().
2026-02-03 18:53:26,839 [canton-env-ec-44] INFO  c.d.c.h.MutableHealthComponent:participant=participant1 - 'connected-synchronizer' is now in state Failed(Disconnected from synchronizer). Previous state was Ok().
2026-02-03 18:53:26,839 [canton-env-ec-44] INFO  c.d.c.p.p.AcsCommitmentProcessor:participant=participant1/psid=mydomain::12202e2a4840::34-0 - 'acs-commitment-processor' is now in state Failed(Disconnected from synchronizer). Previous state was Ok().
2026-02-03 18:53:26,840 [canton-env-ec-44] INFO  c.d.c.h.MutableHealthComponent:participant=participant1 - 'acs-commitment-processor' is now in state Failed(Disconnected from synchronizer). Previous state was Ok().
2026-02-03 18:53:26,840 [canton-env-ec-44] INFO  c.d.c.h.MutableHealthComponent:participant=participant1 - 'acs-commitment-processor' is now in state Failed(Disconnected from synchronizer). Previous state was Ok().
2026-02-03 18:53:26,843 [canton-env-ec-44] INFO  c.d.c.s.SequencerSubscriptionPoolImpl:participant=participant1/psid=mydomain::12202e2a4840::34-0 - 'sequencer-subscription-pool' is now in state Failed(Component is closed). Previous state was Ok().
2026-02-03 18:53:26,843 [canton-env-ec-44] INFO  c.d.c.h.DelegatingMutableHealthComponent:participant=participant1/psid=mydomain::12202e2a4840::34-0 - 'sequencer-client' is now in state Failed(Component is closed). Previous state was Ok().
2026-02-03 18:53:26,844 [canton-env-ec-44] INFO  c.d.c.h.MutableHealthComponent:participant=participant1 - 'sequencer-client' is now in state Failed(Component is closed). Previous state was Ok().
2026-02-03 18:53:26,844 [canton-env-ec-44] INFO  c.d.c.h.MutableHealthComponent:participant=participant1 - 'sequencer-client' is now in state Failed(Component is closed). Previous state was Ok().
2026-02-03 18:53:26,844 [canton-env-ec-44] INFO  c.d.c.s.SequencerSubscriptionX:participant=participant1/psid=mydomain::12202e2a4840::34-0/connection=sequencer-connection-sequencer1-0 - 'subscription-sequencer-connection-sequencer1-0' is now in state Failed(Component is closed). Previous state was Ok().
2026-02-03 18:53:26,845 [canton-env-ec-44] INFO  c.d.c.s.SequencerConnectionXPoolImpl:participant=participant1/synchronizerAlias=Synchronizer 'mydomain'/pool=main - 'sequencer-connection-pool' is now in state Failed(Component is closed). Previous state was Ok().
2026-02-03 18:53:26,847 [canton-env-ec-44] INFO  c.d.c.s.GrpcInternalSequencerConnectionX:participant=participant1/synchronizerAlias=Synchronizer 'mydomain'/pool=main/connection=sequencer1-0 - 'internal-sequencer-connection-sequencer1-0' is now in state Fatal(Closed). Previous state was Validated.
2026-02-03 18:53:26,848 [canton-env-ec-44] INFO  c.d.c.s.GrpcConnectionX:participant=participant1/synchronizerAlias=Synchronizer 'mydomain'/pool=main/connection=sequencer1-0 - 'connection-sequencer1-0' is now in state Stopped. Previous state was Started.
2026-02-03 18:53:26,849 [canton-env-ec-45] INFO  c.d.c.l.a.ApiRequestLogger:sequencer=sequencer1 tid:6320f67eba5e5f7d0f197c990dd0cbc7 - Request c.d.c.s.a.v.SequencerService/Subscribe by grpc:/[0:0:0:0:0:0:0:1]:49204: cancelled
2026-02-03 18:53:26,849 [canton-env-ec-51] INFO  c.d.c.l.a.ApiRequestLogger:sequencer=sequencer1 tid:a7eb773bd1f44c43386e37a076505c4b - Request grpc.health.v1.Health/Watch by grpc:/[0:0:0:0:0:0:0:1]:49204: cancelled
2026-02-03 18:53:26,849 [canton-env-ec-46] INFO  c.d.c.s.c.t.GrpcSequencerSubscription:participant=participant1/synchronizerAlias=Synchronizer 'mydomain'/pool=main/connection=connection-sequencer1-0 - gRPC subscription successfully closed due to client shutdown.
2026-02-03 18:53:26,849 [canton-env-ec-45] INFO  c.d.c.s.s.s.GrpcSequencerService:sequencer=sequencer1 tid:6320f67eba5e5f7d0f197c990dd0cbc7 - Subscription cancelled by client PAR::participant1::12206142f08ae3d17391775a265d64b947099160506e8e59f8f5120c787ed72117fa.
2026-02-03 18:53:26,851 [canton-env-ec-46] INFO  c.d.c.s.s.s.SubscriptionPool:sequencer=sequencer1 tid:6320f67eba5e5f7d0f197c990dd0cbc7 - Removed subscription of PAR::participant1::12206142f08a..., now active=1
2026-02-03 18:53:26,852 [canton-env-ec-44] INFO  c.d.c.h.DelegatingMutableHealthComponent:participant=participant1/psid=mydomain::12202e2a4840::34-0 - 'sequencer-client' is now in state Failed(Disconnected from synchronizer). Previous state was Not Initialized.
2026-02-03 18:53:26,852 [canton-env-ec-44] INFO  c.d.c.h.DelegatingMutableHealthComponent:participant=participant1/psid=mydomain::12202e2a4840::34-0 - 'sequencer-client' is now in state Failed(Disconnected from synchronizer). Previous state was Failed(Component is closed).
2026-02-03 18:53:26,852 [canton-env-ec-44] INFO  c.d.c.h.MutableHealthComponent:participant=participant1 - 'sequencer-client' is now in state Failed(Disconnected from synchronizer). Previous state was Failed(Component is closed).
2026-02-03 18:53:26,852 [canton-env-ec-44] INFO  c.d.c.h.MutableHealthComponent:participant=participant1 - 'sequencer-client' is now in state Failed(Disconnected from synchronizer). Previous state was Failed(Component is closed).
2026-02-03 18:53:26,853 [canton-env-ec-44] INFO  c.d.c.p.s.SyncEphemeralState:participant=participant1/psid=mydomain::12202e2a4840::34-0 - 'sync-ephemeral-state' is now in state Failed(Disconnected from synchronizer). Previous state was Ok().
2026-02-03 18:53:26,853 [canton-env-ec-44] INFO  c.d.c.h.MutableHealthComponent:participant=participant1 - 'sync-ephemeral-state' is now in state Failed(Disconnected from synchronizer). Previous state was Ok().
2026-02-03 18:53:26,854 [canton-env-ec-44] INFO  c.d.c.h.MutableHealthComponent:participant=participant1 - 'sync-ephemeral-state' is now in state Failed(Disconnected from synchronizer). Previous state was Ok().
2026-02-03 18:53:26,856 [canton-env-ec-44] INFO  c.d.c.h.MutableHealthComponent:participant=participant1 - 'connected-synchronizer' is now in state Failed(Component is closed). Previous state was Failed(Disconnected from synchronizer).
2026-02-03 18:53:26,856 [canton-env-ec-44] INFO  c.d.c.h.MutableHealthComponent:participant=participant1 - 'connected-synchronizer' is now in state Failed(Component is closed). Previous state was Failed(Disconnected from synchronizer).
2026-02-03 18:53:26,856 [canton-env-ec-44] INFO  c.d.c.h.MutableHealthComponent:participant=participant1 - 'sync-ephemeral-state' is now in state Failed(Component is closed). Previous state was Failed(Disconnected from synchronizer).
2026-02-03 18:53:26,857 [canton-env-ec-44] INFO  c.d.c.h.MutableHealthComponent:participant=participant1 - 'sync-ephemeral-state' is now in state Failed(Component is closed). Previous state was Failed(Disconnected from synchronizer).
2026-02-03 18:53:26,857 [canton-env-ec-44] INFO  c.d.c.h.MutableHealthComponent:participant=participant1 - 'sequencer-client' is now in state Failed(Component is closed). Previous state was Failed(Disconnected from synchronizer).
2026-02-03 18:53:26,857 [canton-env-ec-44] INFO  c.d.c.h.MutableHealthComponent:participant=participant1 - 'sequencer-client' is now in state Failed(Component is closed). Previous state was Failed(Disconnected from synchronizer).
2026-02-03 18:53:26,857 [canton-env-ec-44] INFO  c.d.c.h.MutableHealthComponent:participant=participant1 - 'acs-commitment-processor' is now in state Failed(Component is closed). Previous state was Failed(Disconnected from synchronizer).
2026-02-03 18:53:26,857 [canton-env-ec-44] INFO  c.d.c.h.MutableHealthComponent:participant=participant1 - 'acs-commitment-processor' is now in state Failed(Component is closed). Previous state was Failed(Disconnected from synchronizer).
2026-02-03 18:53:26,857 [canton-env-ec-44] INFO  c.d.c.p.LifeCycleContainer:participant=participant1 - Closing current indexer (com.digitalasset.canton.participant.ledger.api.LedgerApiIndexer@3620a73d)
2026-02-03 18:53:26,858 [canton-env-ec-38] INFO  c.d.c.u.PekkoUtil$RecoveringFutureQueueImpl:participant=participant1 - Before shutting down, preventing further initialization retries...
2026-02-03 18:53:26,858 [Timer-0] INFO  c.d.c.u.PekkoUtil$RecoveringFutureQueueImpl:participant=participant1 - Shutdown initiated
2026-02-03 18:53:26,858 [Timer-0] INFO  c.d.c.u.PekkoUtil$RecoveringFutureQueueImpl:participant=participant1 - Consumer shutdown initiated
2026-02-03 18:53:26,859 [canton-env-ec-45] INFO  c.d.c.p.i.p.ParallelIndexerFactory$:participant=participant1 - Indexing finished.
2026-02-03 18:53:26,859 [canton-env-ec-46] INFO  c.d.c.u.PekkoUtil$RecoveringFutureQueueImpl:participant=participant1 - Consumer successfully terminated
2026-02-03 18:53:26,860 [canton-env-ec-46] INFO  c.d.c.u.PekkoUtil$RecoveringFutureQueueImpl:participant=participant1 - Terminated (consumer terminated), shutdown complete
2026-02-03 18:53:26,860 [canton-env-ec-45] INFO  c.d.c.p.i.IndexerState:participant=participant1 - IndexerState stopped successfully
2026-02-03 18:53:26,863 [canton-env-ec-51] INFO  c.d.c.p.DispatcherState:participant=participant1 - Shutting down Ledger API offset dispatcher state.
2026-02-03 18:53:26,864 [canton-env-ec-51] INFO  c.d.c.p.DispatcherState:participant=participant1 - Ledger API offset dispatcher shutdown.
2026-02-03 18:53:26,864 [canton-env-ec-39] INFO  c.d.c.p.l.a.LedgerApiIndexer$:participant=participant1 - Ledger API Indexer stopped.
2026-02-03 18:53:26,864 [canton-env-ec-44] INFO  c.d.c.p.LifeCycleContainer:participant=participant1 - Closed current indexer (com.digitalasset.canton.participant.ledger.api.LedgerApiIndexer@3620a73d)
2026-02-03 18:53:26,865 [canton-env-ec-50] INFO  com.zaxxer.hikari.HikariDataSource - daml.index.db.connection.api-server - Shutdown initiated...
2026-02-03 18:53:26,866 [canton-env-ec-50] INFO  com.zaxxer.hikari.HikariDataSource - daml.index.db.connection.api-server - Shutdown completed.
2026-02-03 18:53:26,867 [canton-env-ec-46] INFO  c.d.c.p.s.d.DbDispatcher$:participant=participant1 - [api-server] DbDispatcher released
2026-02-03 18:53:26,871 [canton-env-ec-44] INFO  c.d.c.c.Crypto:participant=participant1 - 'crypto' is now in state Failed(Component is closed). Previous state was Ok().
2026-02-03 18:53:26,872 [canton-env-ec-44] INFO  c.d.c.c.p.j.JcePrivateCrypto:participant=participant1 - 'jce-private-crypto' is now in state Failed(Component is closed). Previous state was Ok().
2026-02-03 18:53:26,872 [canton-env-ec-44] INFO  c.d.c.r.MemoryStorage:participant=participant1 - 'memory_storage' is now in state Failed(Component is closed). Previous state was Ok().
2026-02-03 18:53:26,872 [canton-env-ec-44] INFO  c.d.c.p.ParticipantNodeBootstrapFactoryImpl$$anon$1:participant=participant1 - 'participant' is now in state ServingStatus(status = 'NOT_SERVING'). Previous state was ServingStatus(status = 'SERVING').
2026-02-03 18:53:26,873 [canton-env-ec-44] INFO  c.d.c.s.m.MediatorPruningScheduler:mediator=mediator1/psid=mydomain::12202e2a4840::34-0 - Stopping scheduler
2026-02-03 18:53:26,873 [canton-env-ec-44] INFO  c.d.c.s.m.MediatorPruningScheduler:mediator=mediator1/psid=mydomain::12202e2a4840::34-0 - Stopped scheduler
2026-02-03 18:53:26,874 [canton-env-ec-44] INFO  c.d.c.s.SequencerSubscriptionPoolImpl:mediator=mediator1/psid=mydomain::12202e2a4840::34-0 - 'sequencer-subscription-pool' is now in state Failed(Component is closed). Previous state was Ok().
2026-02-03 18:53:26,875 [canton-env-ec-44] INFO  c.d.c.h.DelegatingMutableHealthComponent:mediator=mediator1/psid=mydomain::12202e2a4840::34-0 - 'sequencer-client' is now in state Failed(Component is closed). Previous state was Ok().
2026-02-03 18:53:26,875 [canton-env-ec-44] INFO  c.d.c.h.MutableHealthComponent:mediator=mediator1 - 'sequencer-client' is now in state Failed(Component is closed). Previous state was Ok().
2026-02-03 18:53:26,875 [canton-env-ec-44] INFO  c.d.c.s.SequencerSubscriptionX:mediator=mediator1/psid=mydomain::12202e2a4840::34-0/connection=sequencer-connection-sequencer1-0 - 'subscription-sequencer-connection-sequencer1-0' is now in state Failed(Component is closed). Previous state was Ok().
2026-02-03 18:53:26,875 [canton-env-ec-44] INFO  c.d.c.s.SequencerConnectionXPoolImpl:mediator=mediator1/psid=mydomain::12202e2a4840::34-0/pool=main - 'sequencer-connection-pool' is now in state Failed(Component is closed). Previous state was Ok().
2026-02-03 18:53:26,876 [canton-env-ec-44] INFO  c.d.c.s.GrpcInternalSequencerConnectionX:mediator=mediator1/psid=mydomain::12202e2a4840::34-0/pool=main/connection=sequencer1-0 - 'internal-sequencer-connection-sequencer1-0' is now in state Fatal(Closed). Previous state was Validated.
2026-02-03 18:53:26,876 [canton-env-ec-44] INFO  c.d.c.s.GrpcConnectionX:mediator=mediator1/psid=mydomain::12202e2a4840::34-0/pool=main/connection=sequencer1-0 - 'connection-sequencer1-0' is now in state Stopped. Previous state was Started.
2026-02-03 18:53:26,876 [canton-env-ec-49] INFO  c.d.c.s.c.t.GrpcSequencerSubscription:mediator=mediator1/psid=mydomain::12202e2a4840::34-0/pool=main/connection=connection-sequencer1-0 - gRPC subscription successfully closed due to client shutdown.
2026-02-03 18:53:26,877 [canton-env-ec-46] INFO  c.d.c.l.a.ApiRequestLogger:sequencer=sequencer1 tid:bc864a724b5e4490e83cc478d47b2fed - Request c.d.c.s.a.v.SequencerService/Subscribe by grpc:/[0:0:0:0:0:0:0:1]:49146: cancelled
2026-02-03 18:53:26,877 [canton-env-ec-45] INFO  c.d.c.l.a.ApiRequestLogger:sequencer=sequencer1 tid:f4dcbe0456717be165ee6788c39e3d7f - Request grpc.health.v1.Health/Watch by grpc:/[0:0:0:0:0:0:0:1]:49146: cancelled
2026-02-03 18:53:26,877 [canton-env-ec-46] INFO  c.d.c.s.s.s.GrpcSequencerService:sequencer=sequencer1 - Subscription cancelled by client MED::mediator1::12205e06b9ef0f2b0a9a2e9374bce6eee222e1138fdf54ffbf8745d312270986aa9b.
2026-02-03 18:53:26,879 [canton-env-ec-44] INFO  c.d.c.h.DelegatingMutableHealthComponent:mediator=mediator1/psid=mydomain::12202e2a4840::34-0 - 'sequencer-client' is now in state Failed(Disconnected from synchronizer). Previous state was Not Initialized.
2026-02-03 18:53:26,879 [canton-env-ec-45] INFO  c.d.c.s.s.s.SubscriptionPool:sequencer=sequencer1 - Removed subscription of MED::mediator1::12205e06b9ef..., now active=0
2026-02-03 18:53:26,879 [canton-env-ec-44] INFO  c.d.c.h.DelegatingMutableHealthComponent:mediator=mediator1/psid=mydomain::12202e2a4840::34-0 - 'sequencer-client' is now in state Failed(Disconnected from synchronizer). Previous state was Failed(Component is closed).
2026-02-03 18:53:26,879 [canton-env-ec-44] INFO  c.d.c.h.MutableHealthComponent:mediator=mediator1 - 'sequencer-client' is now in state Failed(Disconnected from synchronizer). Previous state was Failed(Component is closed).
2026-02-03 18:53:26,880 [canton-env-ec-44] INFO  c.d.c.r.MemoryStorage:mediator=mediator1 - 'memory_storage' is now in state Failed(Component is closed). Previous state was Ok().
2026-02-03 18:53:26,880 [canton-env-ec-44] INFO  c.d.c.s.m.MediatorNodeBootstrapFactoryImpl$$anon$1:mediator=mediator1 - 'mediator' is now in state ServingStatus(status = 'NOT_SERVING'). Previous state was ServingStatus(status = 'SERVING').
2026-02-03 18:53:26,880 [canton-env-ec-44] INFO  c.d.c.h.MutableHealthComponent:mediator=mediator1 - 'sequencer-client' is now in state Failed(Component is closed). Previous state was Failed(Disconnected from synchronizer).
2026-02-03 18:53:26,881 [canton-env-ec-44] INFO  c.d.c.c.Crypto:mediator=mediator1 - 'crypto' is now in state Failed(Component is closed). Previous state was Ok().
2026-02-03 18:53:26,881 [canton-env-ec-44] INFO  c.d.c.c.p.j.JcePrivateCrypto:mediator=mediator1 - 'jce-private-crypto' is now in state Failed(Component is closed). Previous state was Ok().
2026-02-03 18:53:26,884 [canton-env-ec-46] INFO  c.d.c.s.s.DirectSequencerClientTransport:sequencer=sequencer1 - 'direct-sequencer-client-transport' is now in state Failed(Component is closed). Previous state was Ok().
2026-02-03 18:53:26,884 [canton-env-ec-46] INFO  c.d.c.s.SequencerAggregatorPekko:sequencer=sequencer1 - 'sequencer-subscription-mydomain::12202e2a4840...::34-0' is now in state Failed(Component is closed). Previous state was Ok().
2026-02-03 18:53:26,885 [canton-env-ec-46] INFO  c.d.c.s.SequencerAggregatorPekko:sequencer=sequencer1 - 'sequencer-subscription-mydomain::12202e2a4840...::34-0' is now in state Failed(Disconnected from synchronizer mydomain::12202e2a4840...::34-0). Previous state was Failed(Component is closed).
2026-02-03 18:53:26,886 [canton-env-ec-44] INFO  c.d.c.s.s.b.BlockSequencer:sequencer=sequencer1/psid=mydomain::12202e2a4840::34-0 - 'sequencer' is now in state SequencerHealthStatus(active = false, details = Sequencer is closed). Previous state was SequencerHealthStatus(active = true).
2026-02-03 18:53:26,886 [canton-env-ec-44] INFO  c.d.c.h.MutableHealthQuasiComponent:sequencer=sequencer1 - 'sequencer' is now in state SequencerHealthStatus(active = false, details = Sequencer is closed). Previous state was SequencerHealthStatus(active = true).
2026-02-03 18:53:26,886 [canton-env-ec-44] INFO  c.d.c.s.s.SequencerNodeBootstrap:sequencer=sequencer1 - 'sequencer-health-check-service' is now in state ServingStatus(status = 'NOT_SERVING'). Previous state was ServingStatus(status = 'SERVING').
2026-02-03 18:53:26,887 [canton-env-ec-44] INFO  c.d.c.s.s.SequencerRuntime:sequencer=sequencer1/psid=mydomain::12202e2a4840::34-0 - Sequencer is healthy
2026-02-03 18:53:26,890 [canton-env-ec-44] INFO  c.d.c.r.MemoryStorage:sequencer=sequencer1/psid=mydomain::12202e2a4840::34-0 - 'memory_storage' is now in state Failed(Component is closed). Previous state was Ok().
2026-02-03 18:53:26,892 [canton-env-ec-44] INFO  c.d.c.c.Crypto:sequencer=sequencer1 - 'crypto' is now in state Failed(Component is closed). Previous state was Ok().
2026-02-03 18:53:26,893 [canton-env-ec-44] INFO  c.d.c.c.p.j.JcePrivateCrypto:sequencer=sequencer1 - 'jce-private-crypto' is now in state Failed(Component is closed). Previous state was Ok().
2026-02-03 18:53:26,893 [canton-env-ec-44] INFO  c.d.c.r.MemoryStorage:sequencer=sequencer1 - 'memory_storage' is now in state Failed(Component is closed). Previous state was Ok().
2026-02-03 18:53:26,893 [canton-env-ec-44] INFO  c.d.c.s.s.SequencerNodeBootstrap:sequencer=sequencer1 - 'sequencer' is now in state ServingStatus(status = 'NOT_SERVING'). Previous state was ServingStatus(status = 'SERVING').
2026-02-03 18:53:26,895 [canton-env-ec-44] INFO  o.a.pekko.actor.CoordinatedShutdown - Running CoordinatedShutdown with reason [ActorSystemTerminateReason]
2026-02-03 18:53:26,918 [Thread-0] INFO  c.d.canton.CantonCommunityApp$ - Shutdown complete.
2026-02-03 18:53:26,918 [Thread-0] INFO  c.d.canton.CantonCommunityApp$ - Shutting down logger. Bye bye.
